/* Задача 1
Заполнить все таблицы БД vk данными
*/

DROP database IF EXISTS test;
CREATE database test;
use test;

-- Generation time: Fri, 06 Mar 2020 07:18:28 +0000
-- Host: mysql.hostinger.ro
-- DB name: u574849695_25
/*!40030 SET NAMES UTF8 */;
/*!40101 SET @OLD_CHARACTER_SET_CLIENT=@@CHARACTER_SET_CLIENT */;
/*!40101 SET @OLD_CHARACTER_SET_RESULTS=@@CHARACTER_SET_RESULTS */;
/*!40101 SET @OLD_COLLATION_CONNECTION=@@COLLATION_CONNECTION */;
/*!40103 SET @OLD_TIME_ZONE=@@TIME_ZONE */;
/*!40103 SET TIME_ZONE='+00:00' */;
/*!40014 SET @OLD_UNIQUE_CHECKS=@@UNIQUE_CHECKS, UNIQUE_CHECKS=0 */;
/*!40014 SET @OLD_FOREIGN_KEY_CHECKS=@@FOREIGN_KEY_CHECKS, FOREIGN_KEY_CHECKS=0 */;
/*!40101 SET @OLD_SQL_MODE=@@SQL_MODE, SQL_MODE='NO_AUTO_VALUE_ON_ZERO' */;
/*!40111 SET @OLD_SQL_NOTES=@@SQL_NOTES, SQL_NOTES=0 */;

DROP TABLE IF EXISTS `communities`;
CREATE TABLE `communities` (
  `id` bigint(20) unsigned NOT NULL AUTO_INCREMENT,
  `name` varchar(200) COLLATE utf8_unicode_ci DEFAULT NULL,
  `admin_user_id` bigint(20) unsigned NOT NULL,
  PRIMARY KEY (`id`),
  KEY `admin_user_id` (`admin_user_id`),
  CONSTRAINT `communities_ibfk_1` FOREIGN KEY (`admin_user_id`) REFERENCES `users` (`id`)
) ENGINE=InnoDB AUTO_INCREMENT=101 DEFAULT CHARSET=utf8 COLLATE=utf8_unicode_ci;

INSERT INTO `communities` VALUES ('1','aperiam','1'),
('2','in','2'),
('3','enim','3'),
('4','consectetur','4'),
('5','ex','5'),
('6','voluptas','6'),
('7','necessitatibus','7'),
('8','vel','8'),
('9','debitis','9'),
('10','et','10'),
('11','earum','11'),
('12','quasi','12'),
('13','reprehenderit','13'),
('14','qui','14'),
('15','fugit','15'),
('16','eius','16'),
('17','consequuntur','17'),
('18','aspernatur','18'),
('19','molestiae','19'),
('20','esse','20'),
('21','error','21'),
('22','voluptas','22'),
('23','minima','23'),
('24','iusto','24'),
('25','autem','25'),
('26','iusto','26'),
('27','sapiente','27'),
('28','similique','28'),
('29','et','29'),
('30','consectetur','30'),
('31','enim','31'),
('32','aliquid','32'),
('33','numquam','33'),
('34','et','34'),
('35','est','35'),
('36','numquam','36'),
('37','beatae','37'),
('38','eaque','38'),
('39','ut','39'),
('40','facilis','40'),
('41','eius','41'),
('42','similique','42'),
('43','eos','43'),
('44','repellat','44'),
('45','laudantium','45'),
('46','rerum','46'),
('47','iste','47'),
('48','et','48'),
('49','ut','49'),
('50','velit','50'),
('51','id','51'),
('52','nesciunt','52'),
('53','laboriosam','53'),
('54','quia','54'),
('55','et','55'),
('56','voluptas','56'),
('57','sed','57'),
('58','voluptas','58'),
('59','vero','59'),
('60','impedit','60'),
('61','molestias','61'),
('62','impedit','62'),
('63','deserunt','63'),
('64','id','64'),
('65','ut','65'),
('66','saepe','66'),
('67','illum','67'),
('68','odio','68'),
('69','facilis','69'),
('70','quos','70'),
('71','maxime','71'),
('72','sit','72'),
('73','asperiores','73'),
('74','sit','74'),
('75','ipsam','75'),
('76','est','76'),
('77','rem','77'),
('78','nobis','78'),
('79','facere','79'),
('80','est','80'),
('81','blanditiis','81'),
('82','aut','82'),
('83','delectus','83'),
('84','aspernatur','84'),
('85','est','85'),
('86','id','86'),
('87','vel','87'),
('88','et','88'),
('89','non','89'),
('90','est','90'),
('91','blanditiis','91'),
('92','doloremque','92'),
('93','voluptas','93'),
('94','ipsam','94'),
('95','quia','95'),
('96','voluptas','96'),
('97','cumque','97'),
('98','aperiam','98'),
('99','mollitia','99'),
('100','nam','100'); 


DROP TABLE IF EXISTS `friend_requess`;
CREATE TABLE `friend_requess` (
  `initiator_user_id` bigint(20) unsigned NOT NULL,
  `target_user_id` bigint(20) unsigned NOT NULL,
  `status` enum('requested','approved','unfriended','declined') COLLATE utf8_unicode_ci DEFAULT NULL,
  `requested_at` datetime DEFAULT current_timestamp(),
  `updated_at` datetime DEFAULT NULL ON UPDATE current_timestamp(),
  PRIMARY KEY (`initiator_user_id`,`target_user_id`),
  KEY `initiator_user_id` (`initiator_user_id`),
  KEY `target_user_id` (`target_user_id`),
  CONSTRAINT `friend_requess_ibfk_1` FOREIGN KEY (`initiator_user_id`) REFERENCES `users` (`id`),
  CONSTRAINT `friend_requess_ibfk_2` FOREIGN KEY (`target_user_id`) REFERENCES `users` (`id`)
) ENGINE=InnoDB DEFAULT CHARSET=utf8 COLLATE=utf8_unicode_ci;

INSERT INTO `friend_requess` VALUES ('1','1','requested','2010-07-17 12:55:32','2006-11-26 19:31:05'),
('2','2','requested','2005-10-26 08:53:27','2000-07-09 16:53:22'),
('3','3','declined','1993-01-15 10:15:43','2003-07-15 19:46:03'),
('4','4','declined','1978-02-04 14:45:25','1979-12-03 13:32:57'),
('5','5','unfriended','1980-12-20 11:23:03','2018-03-18 23:55:49'),
('6','6','approved','1979-03-21 00:24:13','1977-08-14 09:27:55'),
('7','7','unfriended','1971-01-06 12:21:40','2003-08-22 09:45:54'),
('8','8','unfriended','1971-07-23 10:31:36','2013-09-13 07:04:15'),
('9','9','requested','2019-08-04 21:02:02','2011-02-26 07:12:48'),
('10','10','declined','2016-01-21 14:48:19','2011-05-05 11:30:31'),
('11','11','unfriended','1983-05-10 09:24:13','1974-12-19 13:39:49'),
('12','12','approved','2018-05-30 02:07:00','1986-01-17 02:03:02'),
('13','13','declined','2012-03-19 07:11:10','1992-01-31 21:34:02'),
('14','14','declined','1976-10-08 22:24:13','2010-12-02 04:44:41'),
('15','15','declined','1976-04-20 08:52:14','2008-05-19 07:27:51'),
('16','16','declined','1979-05-26 14:05:45','2014-08-29 18:43:21'),
('17','17','declined','1991-08-11 02:21:10','1997-08-28 03:31:46'),
('18','18','approved','1992-09-16 06:27:22','1973-03-11 17:22:11'),
('19','19','requested','1982-12-06 22:12:29','1982-07-04 14:58:58'),
('20','20','requested','1989-10-01 09:21:02','2014-11-09 09:50:33'),
('21','21','approved','1981-06-06 21:07:27','2017-11-27 16:03:19'),
('22','22','approved','1976-03-12 21:20:17','2002-06-11 18:36:50'),
('23','23','approved','2017-06-30 01:40:43','2001-11-12 06:19:26'),
('24','24','approved','1971-12-27 01:41:49','1990-09-13 05:05:14'),
('25','25','approved','2012-01-21 16:13:45','2003-06-04 18:17:18'),
('26','26','approved','2007-06-22 18:42:40','1976-01-23 20:30:50'),
('27','27','approved','1998-11-07 01:18:27','2009-10-23 06:15:39'),
('28','28','unfriended','2007-01-30 08:33:21','1993-04-18 09:51:59'),
('29','29','approved','1992-04-11 15:48:08','2011-04-15 15:10:56'),
('30','30','requested','1990-01-22 19:56:08','1998-04-22 16:30:57'),
('31','31','declined','2003-09-06 06:43:53','1996-08-04 16:57:21'),
('32','32','approved','2013-01-24 11:29:42','2011-08-11 22:02:41'),
('33','33','approved','1982-11-22 18:45:39','1996-12-19 04:34:49'),
('34','34','requested','1991-12-05 08:36:59','1991-04-24 00:28:28'),
('35','35','unfriended','2004-02-20 11:13:23','2008-09-01 00:15:25'),
('36','36','approved','2010-07-23 02:23:46','1987-10-09 13:34:09'),
('37','37','unfriended','2010-07-16 19:31:37','2000-06-25 15:31:21'),
('38','38','unfriended','2016-08-11 10:45:58','1991-11-01 21:49:22'),
('39','39','declined','1971-05-29 09:52:37','1971-07-12 19:01:04'),
('40','40','declined','1994-07-22 10:01:41','1994-06-22 07:21:41'),
('41','41','approved','1970-03-12 16:36:10','1989-06-21 10:48:43'),
('42','42','requested','1973-09-12 06:48:56','1998-03-14 21:57:15'),
('43','43','approved','2020-01-20 19:02:39','1993-06-30 01:24:25'),
('44','44','approved','1991-10-16 12:12:33','1996-08-06 06:40:43'),
('45','45','unfriended','2009-01-22 21:28:03','1973-07-15 17:01:04'),
('46','46','approved','2017-07-18 11:33:00','1996-08-24 04:21:47'),
('47','47','requested','1980-10-09 13:50:53','2011-12-31 17:01:37'),
('48','48','unfriended','1995-01-05 01:19:39','1990-08-07 04:08:52'),
('49','49','declined','1978-03-23 09:55:55','1998-10-09 21:12:22'),
('50','50','unfriended','1988-04-01 17:09:57','1979-11-23 13:52:52'),
('51','51','requested','2004-09-26 18:08:47','1975-09-07 04:04:19'),
('52','52','declined','1996-10-23 18:38:24','2005-05-08 16:14:13'),
('53','53','unfriended','1997-07-25 02:59:19','2004-12-27 00:54:49'),
('54','54','unfriended','1996-01-23 06:08:44','1978-08-09 18:17:07'),
('55','55','approved','1992-05-02 09:32:44','2017-05-16 18:10:46'),
('56','56','requested','1986-03-02 04:43:39','1986-04-27 19:47:40'),
('57','57','unfriended','2012-11-03 18:20:41','1987-12-10 04:11:32'),
('58','58','unfriended','1975-03-07 21:47:48','2005-10-01 08:51:02'),
('59','59','declined','2014-11-03 03:48:47','1975-09-03 22:02:11'),
('60','60','approved','2015-03-12 11:51:27','1981-10-05 13:09:45'),
('61','61','declined','2003-10-26 23:10:01','1977-10-05 06:22:07'),
('62','62','declined','1970-01-13 02:32:16','1974-12-02 11:51:28'),
('63','63','unfriended','2004-12-24 17:14:23','2015-06-21 14:29:58'),
('64','64','declined','2008-01-27 13:34:41','2016-01-22 20:01:32'),
('65','65','unfriended','1983-01-02 01:11:18','1984-03-13 06:04:51'),
('66','66','approved','1971-10-29 12:49:51','2008-06-01 13:29:09'),
('67','67','approved','1991-10-16 08:59:37','1977-06-07 02:27:11'),
('68','68','approved','1986-12-10 16:46:42','1973-08-20 19:32:27'),
('69','69','requested','2009-03-07 17:50:02','2009-07-11 13:11:35'),
('70','70','requested','1993-11-27 03:59:32','2002-02-27 00:43:53'),
('71','71','requested','1970-07-14 14:58:41','1976-02-09 18:53:03'),
('72','72','declined','2016-08-25 06:09:00','1984-01-07 06:08:10'),
('73','73','declined','1989-05-12 05:41:32','1986-02-14 11:41:20'),
('74','74','declined','1983-06-10 05:29:55','1988-07-05 16:44:52'),
('75','75','unfriended','1997-10-31 10:51:38','2007-07-06 03:46:02'),
('76','76','declined','1997-06-14 22:16:47','2000-10-26 23:43:50'),
('77','77','approved','1992-09-18 12:21:43','1997-10-29 19:35:44'),
('78','78','declined','1978-04-20 12:09:05','1987-08-09 10:44:51'),
('79','79','requested','1977-02-21 23:37:40','1970-11-06 07:21:08'),
('80','80','approved','1978-12-06 15:52:25','1995-06-06 00:04:36'),
('81','81','unfriended','1988-03-18 16:44:22','2002-05-13 13:51:30'),
('82','82','approved','1979-05-28 06:16:34','2003-02-18 22:21:24'),
('83','83','declined','2009-08-11 08:46:49','1973-08-02 09:51:42'),
('84','84','requested','1987-10-12 02:01:47','2011-05-21 17:33:23'),
('85','85','approved','1977-05-20 01:10:57','2016-01-09 08:52:03'),
('86','86','declined','1985-01-14 00:46:36','2011-02-18 14:58:20'),
('87','87','unfriended','2011-04-03 15:59:05','2001-02-02 21:13:25'),
('88','88','declined','1987-10-05 23:58:22','2015-06-23 12:44:40'),
('89','89','declined','1974-02-05 13:18:53','1970-01-27 05:37:43'),
('90','90','declined','2006-12-30 16:22:48','1989-06-03 01:48:33'),
('91','91','approved','2010-08-10 19:34:11','1999-10-26 06:02:37'),
('92','92','declined','1981-06-17 05:33:55','2002-06-21 00:16:50'),
('93','93','unfriended','1994-06-11 20:34:28','1994-03-20 17:39:25'),
('94','94','approved','2003-04-28 11:40:05','2005-11-24 07:13:53'),
('95','95','requested','2005-02-24 13:50:04','2017-07-26 18:33:40'),
('96','96','requested','1975-02-04 09:06:36','1994-01-09 17:57:29'),
('97','97','unfriended','1981-01-02 05:04:23','2001-10-17 14:35:30'),
('98','98','requested','1971-09-25 00:47:45','1984-12-21 03:23:19'),
('99','99','requested','1976-08-07 15:41:55','2015-03-07 00:15:50'),
('100','100','approved','2000-10-11 03:23:24','1993-03-26 07:28:49'); 


DROP TABLE IF EXISTS `likes`;
CREATE TABLE `likes` (
  `id` bigint(20) unsigned NOT NULL AUTO_INCREMENT,
  `user_id` bigint(20) unsigned NOT NULL,
  `media_id` bigint(20) unsigned NOT NULL,
  `created_at` datetime DEFAULT current_timestamp(),
  PRIMARY KEY (`id`)
) ENGINE=InnoDB AUTO_INCREMENT=101 DEFAULT CHARSET=utf8 COLLATE=utf8_unicode_ci;

INSERT INTO `likes` VALUES ('1','1','1','1990-03-07 03:36:53'),
('2','2','2','2019-01-17 16:17:07'),
('3','3','3','2008-11-01 03:50:24'),
('4','4','4','2019-12-14 15:05:47'),
('5','5','5','2008-04-28 14:41:16'),
('6','6','6','2002-07-10 15:48:53'),
('7','7','7','2016-05-20 05:58:24'),
('8','8','8','2000-05-17 18:06:36'),
('9','9','9','1991-07-31 09:56:24'),
('10','10','10','1983-03-19 10:13:03'),
('11','11','11','1978-07-31 12:19:29'),
('12','12','12','1982-12-02 16:52:10'),
('13','13','13','2001-03-30 08:54:01'),
('14','14','14','1981-11-14 19:02:55'),
('15','15','15','2008-07-07 01:13:34'),
('16','16','16','1975-05-17 05:27:37'),
('17','17','17','1978-04-06 00:48:47'),
('18','18','18','2016-01-27 18:44:12'),
('19','19','19','2009-11-04 15:34:45'),
('20','20','20','1983-10-06 03:27:16'),
('21','21','21','1981-06-09 22:17:15'),
('22','22','22','1984-10-12 04:57:18'),
('23','23','23','2014-06-09 13:05:40'),
('24','24','24','2000-08-22 19:40:53'),
('25','25','25','1976-05-06 17:10:08'),
('26','26','26','2014-05-10 06:27:57'),
('27','27','27','1974-08-26 11:54:43'),
('28','28','28','1970-07-03 07:29:12'),
('29','29','29','1988-02-06 19:28:51'),
('30','30','30','1984-07-30 18:15:21'),
('31','31','31','2019-04-11 02:54:10'),
('32','32','32','1985-05-21 07:20:04'),
('33','33','33','2000-08-10 14:27:40'),
('34','34','34','2013-07-04 17:13:11'),
('35','35','35','1998-11-12 15:29:04'),
('36','36','36','1974-05-25 11:27:18'),
('37','37','37','2003-02-08 20:35:02'),
('38','38','38','1982-10-30 19:17:58'),
('39','39','39','1982-03-24 22:33:05'),
('40','40','40','1985-02-15 03:04:34'),
('41','41','41','1976-02-11 02:24:55'),
('42','42','42','1990-12-05 10:49:10'),
('43','43','43','2008-11-03 14:21:26'),
('44','44','44','1989-12-08 10:36:30'),
('45','45','45','2012-02-12 11:03:48'),
('46','46','46','1974-12-05 08:40:11'),
('47','47','47','2018-11-03 11:15:54'),
('48','48','48','2007-01-22 09:42:33'),
('49','49','49','2010-08-31 10:52:36'),
('50','50','50','1970-12-28 02:44:09'),
('51','51','51','1991-05-03 15:48:11'),
('52','52','52','2006-01-22 04:42:40'),
('53','53','53','1980-11-20 07:11:09'),
('54','54','54','2011-02-21 01:59:48'),
('55','55','55','2010-08-13 07:25:02'),
('56','56','56','2010-01-11 22:02:01'),
('57','57','57','2008-01-07 13:22:11'),
('58','58','58','1975-10-15 22:01:10'),
('59','59','59','1972-12-30 14:32:43'),
('60','60','60','1976-07-06 07:30:04'),
('61','61','61','1995-10-08 21:37:30'),
('62','62','62','2016-11-05 06:16:05'),
('63','63','63','1982-05-20 17:32:04'),
('64','64','64','2009-07-27 10:50:44'),
('65','65','65','1984-07-12 11:00:22'),
('66','66','66','1994-06-03 09:47:53'),
('67','67','67','2003-01-15 19:57:54'),
('68','68','68','2014-02-06 12:54:43'),
('69','69','69','1987-01-14 05:54:46'),
('70','70','70','1975-07-26 12:24:51'),
('71','71','71','1983-01-08 21:58:15'),
('72','72','72','1974-08-05 23:46:40'),
('73','73','73','1970-03-18 13:26:59'),
('74','74','74','1990-09-22 15:50:10'),
('75','75','75','1987-11-25 13:18:07'),
('76','76','76','2010-07-01 09:34:18'),
('77','77','77','1979-08-07 23:12:41'),
('78','78','78','2009-12-26 20:48:26'),
('79','79','79','2002-01-26 09:21:42'),
('80','80','80','1998-01-01 16:47:32'),
('81','81','81','1982-01-04 05:11:23'),
('82','82','82','1978-03-02 03:45:20'),
('83','83','83','1990-10-03 21:16:19'),
('84','84','84','2002-06-01 15:19:04'),
('85','85','85','2003-04-24 21:04:36'),
('86','86','86','2000-12-17 08:00:26'),
('87','87','87','1980-01-11 19:07:07'),
('88','88','88','1980-12-04 11:50:12'),
('89','89','89','2001-04-04 05:33:25'),
('90','90','90','1993-04-05 20:55:08'),
('91','91','91','2000-10-17 18:13:00'),
('92','92','92','2015-12-10 05:35:15'),
('93','93','93','2003-02-23 06:29:17'),
('94','94','94','1984-10-07 08:05:20'),
('95','95','95','2011-07-11 14:21:28'),
('96','96','96','2012-05-14 11:17:16'),
('97','97','97','2003-11-20 12:41:24'),
('98','98','98','1995-03-12 14:44:16'),
('99','99','99','2011-02-03 21:23:04'),
('100','100','100','1987-06-19 17:40:39'); 


DROP TABLE IF EXISTS `media`;
CREATE TABLE `media` (
  `id` bigint(20) unsigned NOT NULL AUTO_INCREMENT,
  `media_type_id` bigint(20) unsigned NOT NULL,
  `user_id` bigint(20) unsigned NOT NULL,
  `body` text COLLATE utf8_unicode_ci DEFAULT NULL,
  `filename` varchar(255) COLLATE utf8_unicode_ci DEFAULT NULL,
  `size` int(11) DEFAULT NULL,
  `metadata` longtext CHARACTER SET utf8mb4 COLLATE utf8mb4_bin DEFAULT NULL,
  `created_at` bigint(20) unsigned NOT NULL,
  PRIMARY KEY (`id`),
  KEY `user_id` (`user_id`),
  KEY `media_type_id` (`media_type_id`),
  CONSTRAINT `media_ibfk_1` FOREIGN KEY (`user_id`) REFERENCES `users` (`id`),
  CONSTRAINT `media_ibfk_2` FOREIGN KEY (`media_type_id`) REFERENCES `media_types` (`id`)
) ENGINE=InnoDB AUTO_INCREMENT=101 DEFAULT CHARSET=utf8 COLLATE=utf8_unicode_ci;

INSERT INTO `media` VALUES ('1','1','1','Tempore et vel omnis qui saepe debitis quibusdam. Vel aliquam quis magnam atque deleniti voluptatem.','aut','8502935',NULL,'0'),
('2','2','2','Ipsam sed animi occaecati quo nulla nostrum quis. Autem nihil quis occaecati sapiente. Et et culpa sit non dignissimos quaerat id.','rerum','47',NULL,'0'),
('3','3','3','Animi vero eum id est iure qui est. Voluptas reiciendis voluptatem aut itaque animi eius. Tempora quia alias sit.','debitis','673883',NULL,'0'),
('4','4','4','Ut harum excepturi reprehenderit sed. Explicabo molestias qui voluptas tempore. Cum modi et labore iusto omnis est. Nostrum id minima consequatur aut suscipit eveniet.','odit','2380108',NULL,'0'),
('5','5','5','Quo ut nemo nesciunt nisi. Consectetur non unde consequatur quia atque. Mollitia nesciunt optio quia.','delectus','59868',NULL,'0'),
('6','6','6','Et ut qui cumque voluptates non. Veniam aut eaque et deleniti sapiente. Natus magni sunt non recusandae voluptas possimus. Consequuntur magni voluptate id voluptas odit.','ad','741602447',NULL,'0'),
('7','7','7','Sapiente consequuntur aut nesciunt est saepe itaque illo. Necessitatibus vel aspernatur ratione. Adipisci illum mollitia quaerat accusamus omnis voluptates. Esse nihil optio rem autem nihil.','quia','46371',NULL,'0'),
('8','8','8','Ea quidem enim inventore aut. Necessitatibus consequatur quis est quos est ut. Voluptatum quia harum cum sequi reiciendis reprehenderit qui necessitatibus.','dignissimos','23',NULL,'0'),
('9','9','9','Asperiores et quod molestiae tempore assumenda ipsa. Eligendi nulla eum dolorem dolor commodi quia sint. Possimus incidunt qui quia officia voluptatem neque id.','est','135109089',NULL,'0'),
('10','10','10','Aut exercitationem adipisci iste nihil reprehenderit pariatur. Est enim sed ad quo iure hic excepturi ut. Dolorem consequuntur perspiciatis aliquid recusandae praesentium sequi commodi nulla. Sed consectetur vitae quidem natus.','tenetur','46874934',NULL,'0'),
('11','11','11','Esse ut ducimus maiores esse ut rerum. Culpa dolores delectus eum qui. Id fuga accusantium dolor non aut fugit mollitia non. Voluptas est qui vero et dolorem et corporis.','harum','50',NULL,'0'),
('12','12','12','Quo molestias natus sed a voluptas voluptatum. Eum qui sequi quisquam. Dolor officiis culpa doloribus adipisci eum consequatur sequi.','vel','457',NULL,'0'),
('13','13','13','Placeat sint molestias laborum ducimus autem illum. Doloremque debitis reprehenderit accusamus molestiae eum qui. Quia ex suscipit dolorem velit dicta. Occaecati atque distinctio nobis laudantium omnis illum expedita.','atque','51',NULL,'0'),
('14','14','14','Et quos quia repudiandae quibusdam. Odio magnam consequatur amet quas inventore nostrum amet dicta. Ut omnis ut ducimus voluptas quis officiis aperiam.','veritatis','621',NULL,'0'),
('15','15','15','Aut et recusandae repudiandae nostrum. Omnis quo enim eum quidem. Doloremque ut cumque debitis voluptates ab.','soluta','41468465',NULL,'0'),
('16','16','16','Dolor omnis et officiis nihil quos. Vel et voluptatem tenetur quo. Autem qui nam ea neque voluptas eum sed. Repellendus omnis dolorum ut velit aliquid consequuntur.','ipsa','8',NULL,'0'),
('17','17','17','Reiciendis sequi aut ut quos amet. Corporis omnis placeat facere vitae debitis alias. Unde odit molestias dolore est. Cupiditate eum maxime quibusdam earum. Voluptatem delectus quia non omnis inventore repellat in consequatur.','quasi','588206',NULL,'0'),
('18','18','18','Repudiandae aut beatae quis quisquam voluptatum facilis quae. Earum doloribus culpa qui eum. Pariatur voluptatem doloribus voluptatem omnis praesentium sed. Ut ut ut sequi est corporis nam.','hic','74327',NULL,'0'),
('19','19','19','Fuga quo iste hic alias voluptate. Quam eum vel similique omnis quidem. Quasi quo sint dolores ullam.','quae','0',NULL,'0'),
('20','1','20','Eos error aspernatur autem voluptatum esse. Consequatur molestiae nobis repellendus qui. Enim cumque quaerat dignissimos ea. Voluptatum in consequatur cupiditate. Rerum rerum dolorem tempore nobis.','placeat','44191',NULL,'0'),
('21','2','21','Repellat voluptatem itaque ullam eum aliquam ut aut at. Neque corporis aut quia. Voluptatem qui et et occaecati dolorum beatae. Pariatur aut omnis ut molestiae.','officiis','865037',NULL,'0'),
('22','3','22','Saepe rerum est minus quia nihil accusamus soluta. Quis dicta quae et at. Est sit accusamus esse ab.','nobis','2',NULL,'0'),
('23','4','23','Id tempore doloribus atque quis et. Iure harum autem aut et provident. Et tenetur saepe fuga dolorum molestias illum. Nobis ut dolor nisi.','ut','9',NULL,'0'),
('24','5','24','Voluptatem blanditiis eum consequatur neque sequi incidunt placeat. Officia nulla labore eaque id. Voluptatem ipsum rerum voluptas excepturi tempora itaque pariatur. Dolorem nihil consequatur nam debitis eum amet.','dolor','8',NULL,'0'),
('25','6','25','Corporis odio molestias occaecati reprehenderit. Aliquid molestiae sapiente perferendis earum non quaerat quia. Ducimus et eum aperiam. Eum fuga aut similique eveniet consectetur nihil.','dolores','11',NULL,'0'),
('26','7','26','Autem aliquam autem omnis quidem tempore aut adipisci. Tempora id quia eos sed consequatur. Consequatur placeat at culpa possimus eius.','voluptates','305489588',NULL,'0'),
('27','8','27','Voluptatem dolorum itaque voluptatem eligendi alias quasi. Voluptatibus ex autem quibusdam similique. Qui quis vitae quidem dolor harum voluptas quis. Quidem repellendus exercitationem occaecati deleniti omnis molestiae ut.','voluptates','78',NULL,'0'),
('28','9','28','Culpa quia laborum hic itaque tenetur. Delectus consequatur rerum et atque quam tempore odio sint. Minima qui commodi placeat qui.','rerum','654',NULL,'0'),
('29','10','29','Id et aut aut quis. Omnis et est magnam modi veritatis voluptatem aut et. Numquam voluptatem laborum ut rem soluta reprehenderit neque ex.','itaque','867',NULL,'0'),
('30','11','30','Aut quisquam et corrupti. Facilis impedit sit qui. Voluptatem et rerum ipsam expedita.','cum','0',NULL,'0'),
('31','12','31','Consequatur facilis est magni unde dolor aliquid. Architecto eos qui excepturi exercitationem perspiciatis nobis. Sequi pariatur molestiae reiciendis asperiores et adipisci. Minima delectus est nemo tenetur vero est tempora.','voluptate','4353',NULL,'0'),
('32','13','32','Iure explicabo quod beatae voluptatibus. Laboriosam consectetur qui reprehenderit autem quas aut. Est blanditiis est est quia vel. Non reiciendis omnis asperiores.','tempora','704154',NULL,'0'),
('33','14','33','Qui et est dolorum. Aspernatur nobis nemo laudantium omnis nisi et voluptatem facilis. Dolore laboriosam laborum laboriosam eaque sed dolore. Magni commodi voluptas voluptas ullam.','perspiciatis','9821891',NULL,'0'),
('34','15','34','A blanditiis rerum tempore natus eaque et. Minima nemo esse autem dolore. Modi qui minus provident aut. Rerum voluptas aspernatur earum provident repellendus dolorem.','cumque','702595',NULL,'0'),
('35','16','35','Dolor quaerat temporibus cumque. Nam repudiandae dignissimos eaque aperiam non explicabo iusto.','aliquam','5',NULL,'0'),
('36','17','36','Doloribus sint voluptate vero voluptatem maxime sint aliquid. Quibusdam ea eveniet porro voluptates nemo nihil consequatur. Dolores consequuntur consequatur et cumque pariatur officiis. Nostrum facilis ex dolorem voluptatem iusto delectus autem.','sed','236209',NULL,'0'),
('37','18','37','Nostrum rerum aut ipsa repellat. Impedit corrupti consequatur officia aliquid.','sit','276854',NULL,'0'),
('38','19','38','Natus eum quia ea quo laudantium. Suscipit sed voluptatibus enim repellat.','ea','6',NULL,'0'),
('39','1','39','Sunt similique est aut qui mollitia. Cumque consequatur voluptas magnam hic voluptatem. Velit necessitatibus voluptatem rerum et. Necessitatibus commodi qui enim harum. Ut saepe nisi repellendus earum voluptas est.','porro','7',NULL,'0'),
('40','2','40','Quidem commodi dolores ea nemo tempora. Totam quia qui est non debitis et. Esse sunt sit maxime provident atque sunt.','a','4753',NULL,'0'),
('41','3','41','Incidunt accusamus alias nisi excepturi quis asperiores. Vel enim inventore omnis. Ducimus esse non tempore animi doloribus necessitatibus.','ea','679395',NULL,'0'),
('42','4','42','Ab odit minima similique eos. Minus laboriosam est quis doloribus rerum. Quisquam reprehenderit modi quasi cumque sed.','dolore','582799104',NULL,'0'),
('43','5','43','Soluta ullam aut sit quaerat consectetur. Aspernatur quia ducimus doloribus repellat magni distinctio qui. Non eaque suscipit sequi ex et voluptate aliquam laboriosam. Totam debitis porro dolorum et hic voluptatem reprehenderit quia.','et','45120585',NULL,'0'),
('44','6','44','Aut praesentium delectus distinctio qui autem consectetur. Omnis tenetur optio reprehenderit voluptas eos ut. Asperiores qui saepe deserunt eum animi. Aliquid laborum quae aspernatur dolores.','libero','3123',NULL,'0'),
('45','7','45','Ipsa et eos sed asperiores. Mollitia accusantium itaque adipisci perferendis commodi. Veniam amet dolorum et aut praesentium. Dolor inventore consequuntur nostrum repellendus.','perspiciatis','41',NULL,'0'),
('46','8','46','Magni voluptas quod quia. Ab et dolorem magni esse. Iste ut et ex voluptas. Ipsum quos optio ex ducimus dicta quis.','voluptate','20647',NULL,'0'),
('47','9','47','Sunt debitis aut nam necessitatibus eos. Facere aperiam necessitatibus voluptatem aut facere laboriosam non. Ducimus laudantium tempore assumenda quia iure est quis aut. Voluptate aut sed omnis et sapiente temporibus.','impedit','0',NULL,'0'),
('48','10','48','Ut provident voluptatum consequuntur vel eum voluptatem dolorum. Facilis omnis blanditiis id suscipit consectetur. Sapiente pariatur placeat animi.','non','123',NULL,'0'),
('49','11','49','Vitae placeat quo est sit molestiae. Excepturi ea laboriosam eligendi quia ullam quo expedita. Reprehenderit pariatur ut quis quae eius doloremque.','et','1404840',NULL,'0'),
('50','12','50','Quia quo sit veniam illum autem voluptas. Eum sunt qui cum maiores a doloremque. Repellat aut harum reprehenderit sit et vitae dolore. Soluta dolores delectus distinctio dolor praesentium non.','eum','27',NULL,'0'),
('51','13','51','Facilis veritatis recusandae cum vel. Et sed delectus enim aliquid similique. Eos repellendus excepturi itaque non voluptas nesciunt.','aut','9',NULL,'0'),
('52','14','52','Omnis sit quo quas velit. Et eligendi odit eligendi voluptatibus. Nihil illum corrupti ipsa omnis. Dolorem neque odit rem aut voluptatem.','voluptatibus','352',NULL,'0'),
('53','15','53','Deserunt odio quasi perspiciatis. Deleniti qui facere delectus blanditiis recusandae est esse eveniet. Non ullam eum cupiditate omnis tenetur. Corporis explicabo architecto officia.','ut','3886',NULL,'0'),
('54','16','54','Consequatur molestias eaque asperiores. Consectetur doloremque magnam quod et. Ipsum laudantium sequi reprehenderit et. Atque iure dolores ex modi et nihil.','velit','0',NULL,'0'),
('55','17','55','Est illum magnam asperiores libero. Qui cum explicabo corrupti temporibus. Est autem provident similique harum. Eum amet labore sequi officia dicta error est repellendus.','eaque','105083',NULL,'0'),
('56','18','56','Dolor sit laboriosam aut quia. Dolor officia quaerat iure hic accusamus cumque et dolores. Corporis rerum voluptate omnis corporis accusamus.','corrupti','1243',NULL,'0'),
('57','19','57','Quaerat voluptas repellendus quasi optio. A dolorem aut nihil hic. Quidem facilis quam est omnis minus exercitationem consequatur.','eum','910',NULL,'0'),
('58','1','58','Placeat id veniam facilis optio ut et id. Expedita est eveniet molestiae nisi. Aliquam mollitia ea sapiente atque atque. Perspiciatis id et quia nisi recusandae.','est','8792',NULL,'0'),
('59','2','59','Est accusamus quia nobis. Et ea quibusdam perspiciatis voluptas. Omnis vitae quis eos unde quod debitis. Voluptatum culpa minima a.','nesciunt','578866044',NULL,'0'),
('60','3','60','Voluptates perspiciatis cum aspernatur optio architecto qui porro qui. Illo aut ut earum pariatur placeat accusantium quos. Impedit quidem repudiandae est voluptatem quia deleniti. Dolor non numquam nobis eum voluptatem eveniet.','et','2',NULL,'0'),
('61','4','61','Alias ut quasi placeat voluptatum. Est est ratione dolor et dicta distinctio quas. Et et non sunt expedita ullam. Alias et debitis non fuga rerum.','aspernatur','0',NULL,'0'),
('62','5','62','Quam aut exercitationem dolorum ab cumque occaecati maxime. Minima omnis a quas tempora illum quod modi. Similique id deleniti aspernatur facere. Autem fuga facere alias eaque. Eligendi est ut rerum dicta nisi qui.','adipisci','47',NULL,'0'),
('63','6','63','Veritatis id rerum a alias nihil illo cumque. Incidunt et quia numquam aut. Et ut soluta suscipit accusamus.','est','47705',NULL,'0'),
('64','7','64','Et magnam neque repudiandae cupiditate hic ipsum beatae. Tenetur necessitatibus in ratione dolor voluptas minus. Libero cum delectus ad dicta est atque. Odio ut dignissimos in voluptatum consequatur ad sapiente.','maiores','5716257',NULL,'0'),
('65','8','65','Ut debitis debitis blanditiis quidem repellendus modi eligendi aut. Debitis voluptas itaque mollitia officiis ab modi velit. Cumque rerum libero molestias mollitia repudiandae. Qui eos accusantium veritatis quaerat laudantium rem.','recusandae','25',NULL,'0'),
('66','9','66','Et et dolor velit qui eligendi iure inventore. Ea est et incidunt id laborum corrupti quaerat praesentium. Quo reprehenderit et dolores. Repudiandae voluptates quaerat dolorem commodi amet quas numquam.','dolores','21',NULL,'0'),
('67','10','67','Deleniti animi quam aut placeat quisquam accusantium qui. Ratione qui nisi deleniti possimus ut commodi et. Doloribus itaque iure voluptatem sed ab et est occaecati. Consequuntur qui sit molestias blanditiis.','et','726',NULL,'0'),
('68','11','68','Suscipit dolor voluptatem dolor ipsam iusto. Vel nulla error quia consequatur necessitatibus. Quis dolorum odit sit.','eveniet','78966714',NULL,'0'),
('69','12','69','Cum qui assumenda nihil quis et et maiores. Aut enim sunt non inventore. Veritatis maxime magnam aliquam dolores. Modi ad dolorem et ut numquam.','quae','0',NULL,'0'),
('70','13','70','Et ex autem unde sunt voluptas quo labore rerum. Voluptatem dolor magni ut est. Voluptas aut aut sed occaecati reiciendis repudiandae.','ea','7824',NULL,'0'),
('71','14','71','Beatae provident voluptatum id voluptas doloremque. Dolor aliquid consequatur molestiae ab. Iure fuga quisquam tempore et et natus qui.','et','60',NULL,'0'),
('72','15','72','Beatae eius laborum qui voluptas dolorem. Est et maxime eos.','blanditiis','770639756',NULL,'0'),
('73','16','73','Est ea animi adipisci quo esse voluptatem. Numquam ducimus odio in tempore. Tempore repellat nulla vitae est eligendi.','dolorem','47',NULL,'0'),
('74','17','74','Distinctio optio vel facere sequi id. Commodi consequatur assumenda nihil veniam. Exercitationem mollitia aliquam temporibus expedita quod inventore. Voluptas deserunt aliquid et consequatur. Aliquid quasi voluptatem deserunt consequatur facilis.','nesciunt','3',NULL,'0'),
('75','18','75','Deserunt nam nam officiis excepturi veritatis et praesentium. Repellat temporibus rerum dolorem nesciunt. Ea molestiae eos quibusdam. In at atque et.','quasi','9014335',NULL,'0'),
('76','19','76','Earum quia ut voluptates est iure quidem in. Ab suscipit perferendis qui dolor rerum dolore. Minus quasi alias rerum nulla et. Iste aliquid assumenda dicta magni vero explicabo sed assumenda.','porro','31749923',NULL,'0'),
('77','1','77','Occaecati tempora iste quidem provident sit. Rerum molestiae consectetur sed.','hic','3013',NULL,'0'),
('78','2','78','Excepturi tenetur adipisci vel doloribus nesciunt aliquid aliquam. Aut omnis distinctio suscipit quisquam atque eos deserunt dolores. Et recusandae porro accusamus laboriosam ipsa dignissimos dicta. Aut aut deserunt rerum similique rerum eligendi placeat.','non','50144703',NULL,'0'),
('79','3','79','Adipisci sequi enim consequatur aspernatur quas voluptates ut magni. Inventore laborum quod dolorem enim sunt quidem. Expedita ea molestiae consequatur sunt. Odit consequatur quae cupiditate ut.','nobis','7763553',NULL,'0'),
('80','4','80','Expedita cum iusto rem ut aut est officia molestiae. Et reiciendis soluta rem laboriosam mollitia sunt ad. Debitis ducimus ut tenetur. Ipsa odio ipsum dolore ut.','quis','3064511',NULL,'0'),
('81','5','81','Sed nobis rerum qui omnis maxime. Illo deserunt exercitationem sapiente ut et deleniti iusto. Doloribus unde error dolor qui. Aut in necessitatibus praesentium.','explicabo','16918',NULL,'0'),
('82','6','82','Libero debitis doloribus nostrum consectetur est. Qui ipsa modi eligendi at dolorem. Aut illum cumque quo pariatur velit occaecati.','maiores','56716950',NULL,'0'),
('83','7','83','Aliquam vel voluptas distinctio quia. Dolorem magnam eos quis eveniet. Ea consequatur et rerum quia vero et.','dolores','983570',NULL,'0'),
('84','8','84','Molestiae sed sint aut sit rem maxime sit. Recusandae voluptate ut vero voluptatem quam. Necessitatibus ex accusantium ab ut sit qui.','voluptatem','296963',NULL,'0'),
('85','9','85','Sunt sint necessitatibus tenetur saepe cumque. Et beatae accusantium similique voluptas. Perspiciatis perspiciatis perspiciatis minus non distinctio consectetur. Eius praesentium laborum optio quis et quidem.','perferendis','24',NULL,'0'),
('86','10','86','Et eaque perspiciatis quo. In ut praesentium ut sit inventore. Laborum magni velit voluptatum magnam quia quisquam.','consequuntur','96',NULL,'0'),
('87','11','87','Facilis omnis officiis est occaecati adipisci earum necessitatibus. Officia nam at distinctio aut. Fuga atque et qui beatae. Ut quaerat est cupiditate repellat corrupti tempora. Earum eum ratione cupiditate aut et dolorem.','enim','4083530',NULL,'0'),
('88','12','88','Omnis facilis voluptas inventore. Ipsam sed voluptas ipsam rerum et molestias. Veritatis numquam officiis sit eos debitis.','velit','27486950',NULL,'0'),
('89','13','89','Debitis eaque est distinctio quis. Consequatur sit culpa qui assumenda numquam accusantium. Est molestias dolorum nisi dolorem inventore deserunt dolores. Necessitatibus necessitatibus quam ut nisi.','eius','798829',NULL,'0'),
('90','14','90','Quaerat nisi aspernatur odit aperiam explicabo libero est. Quas molestias voluptatibus nisi eos eos totam eius error. Quae similique vel iure ipsa ab et quisquam. Et sed facere est laudantium maiores qui temporibus consectetur.','nostrum','805601585',NULL,'0'),
('91','15','91','Ad perferendis aut est reiciendis modi. Mollitia non ipsum dolor qui nam libero et iure. Ut sint consequatur laborum doloribus expedita. Quia consequatur facere rerum occaecati et velit.','corporis','4770',NULL,'0'),
('92','16','92','Placeat sunt commodi et consequatur harum temporibus sapiente quos. Esse laudantium culpa tempore facilis quis voluptatem. Enim nisi nulla est placeat.','odit','0',NULL,'0'),
('93','17','93','Ratione porro et illum dignissimos sed vel. Sapiente blanditiis error voluptatem doloribus cum. Sit odit dicta et magni alias facilis error. Quos voluptatem ad eum vel corporis commodi omnis cupiditate.','recusandae','77704',NULL,'0'),
('94','18','94','Consectetur quis perferendis qui enim officia. Occaecati numquam quia qui voluptas id quae. Odit error quos delectus consequuntur distinctio. Quisquam quibusdam at ipsam quas maiores.','est','2',NULL,'0'),
('95','19','95','Ut aut et veritatis neque qui labore temporibus. Velit impedit praesentium numquam nostrum pariatur. Rerum possimus amet enim repellat voluptatem. Sed sint officia voluptate amet qui.','qui','7',NULL,'0'),
('96','1','96','Officia non eos tenetur. Enim officia id ipsa eos soluta id. Quidem aut expedita ut ratione at.','excepturi','193110998',NULL,'0'),
('97','2','97','Nihil mollitia officiis nam cupiditate. Quae laudantium est necessitatibus consequuntur omnis quia non. Nam cum illo error corrupti.','sit','601635334',NULL,'0'),
('98','3','98','Corporis sed officia dolorum consequatur incidunt in. Totam et id in voluptatem qui quo. Quo nihil nulla aut debitis et.','rerum','512569253',NULL,'0'),
('99','4','99','Et ut est voluptate soluta est accusantium eos. Iusto ex consequatur maiores corporis quis. Sint sit sint ut iure. Est dolores rerum harum quia nesciunt voluptas quos labore.','quia','16594',NULL,'0'),
('100','5','100','Nesciunt illo molestiae et sit. Laudantium quo voluptatem occaecati voluptas sunt. A veritatis autem dolorem doloribus amet consequatur. Nemo est omnis quibusdam.','quaerat','0',NULL,'0'); 


DROP TABLE IF EXISTS `media_types`;
CREATE TABLE `media_types` (
  `id` bigint(20) unsigned NOT NULL AUTO_INCREMENT,
  `name` varchar(200) COLLATE utf8_unicode_ci DEFAULT NULL,
  PRIMARY KEY (`id`)
) ENGINE=InnoDB AUTO_INCREMENT=20 DEFAULT CHARSET=utf8 COLLATE=utf8_unicode_ci;

INSERT INTO `media_types` VALUES ('1','repellat'),
('2','nisi'),
('3','quas'),
('4','quae'),
('5','expedita'),
('6','quis'),
('7','iusto'),
('8','autem'),
('9','magnam'),
('10','error'),
('11','repellat'),
('12','commodi'),
('13','et'),
('14','est'),
('15','corrupti'),
('16','ab'),
('17','voluptas'),
('18','quidem'),
('19','expedita'); 


DROP TABLE IF EXISTS `messages`;
CREATE TABLE `messages` (
  `id` bigint(20) unsigned NOT NULL AUTO_INCREMENT,
  `from_user_id` bigint(20) unsigned NOT NULL,
  `to_user_id` bigint(20) unsigned NOT NULL,
  `body` text COLLATE utf8_unicode_ci DEFAULT NULL,
  `created_at` datetime DEFAULT current_timestamp(),
  PRIMARY KEY (`id`),
  KEY `from_user_id` (`from_user_id`),
  KEY `to_user_id` (`to_user_id`),
  CONSTRAINT `messages_ibfk_1` FOREIGN KEY (`from_user_id`) REFERENCES `users` (`id`),
  CONSTRAINT `messages_ibfk_2` FOREIGN KEY (`to_user_id`) REFERENCES `users` (`id`)
) ENGINE=InnoDB AUTO_INCREMENT=101 DEFAULT CHARSET=utf8 COLLATE=utf8_unicode_ci;

INSERT INTO `messages` VALUES ('1','1','1','Enim veniam impedit recusandae nemo. Non ipsam in unde dolorum.','1993-11-17 19:49:53'),
('2','2','2','Aliquid consequatur eligendi vel tenetur vel laborum. Autem voluptas distinctio magni ut non. Hic eveniet voluptas quia aut consectetur corporis inventore.','1976-12-22 04:59:25'),
('3','3','3','Quae et repellendus occaecati et. Est officiis quam magni in quibusdam saepe. Sit est consequatur inventore totam illo voluptatem.','1981-08-21 19:30:51'),
('4','4','4','Iste voluptatem corrupti officia esse repudiandae. Laboriosam voluptas maiores accusamus odio veritatis labore excepturi. Pariatur consequatur reprehenderit quia. Modi cum nulla libero eum ducimus aspernatur.','1981-08-08 11:02:19'),
('5','5','5','Magni consequatur fuga qui cum. Et beatae aut sed laudantium perspiciatis. Sunt veritatis sint esse autem. Perspiciatis ipsum ut et.','1978-03-18 23:23:27'),
('6','6','6','Voluptatem dolor sit voluptas sint sequi. Sit quaerat perferendis necessitatibus sunt ut temporibus quas porro. Doloribus tenetur corrupti consectetur harum et voluptatem sit asperiores.','1977-07-26 04:23:57'),
('7','7','7','Aspernatur non accusantium similique veritatis. Blanditiis aliquam quidem rerum eligendi quia.','1999-05-17 07:22:37'),
('8','8','8','Qui quia libero sed est qui temporibus. Quas consequatur in ut ullam ipsam. Consequatur quibusdam sint natus molestias culpa omnis.','1995-10-28 09:34:06'),
('9','9','9','Sunt tempora deleniti velit qui. Et suscipit accusantium odit harum. Molestiae non atque sit. Debitis distinctio consequuntur voluptatem quas quia.','2000-03-26 17:48:55'),
('10','10','10','Officiis dolor molestiae incidunt ea velit. Itaque quae dolorum nisi laboriosam repellendus perspiciatis. Eos velit harum at accusamus excepturi ipsam numquam dolores.','1992-04-03 13:23:24'),
('11','11','11','Aut quia sequi omnis. Voluptas harum ex dolores est recusandae. Rerum ducimus odio soluta fugit omnis id. Deserunt quo quo alias quia iste dolores.','2009-01-15 17:46:19'),
('12','12','12','Vel illum omnis qui labore necessitatibus et. Quibusdam iure deserunt unde quos officiis quas. Id ut accusantium ut praesentium quo occaecati.','2004-10-08 05:21:36'),
('13','13','13','Quibusdam officia necessitatibus doloremque eligendi in rerum. Consequatur minus et qui.','2014-07-08 03:04:45'),
('14','14','14','Maiores quam placeat ea inventore et. Facere aperiam nulla fugiat cum nostrum quasi beatae. Et voluptas vero eius expedita nihil.','1987-04-22 01:29:27'),
('15','15','15','Voluptas modi itaque quia eum officia. Voluptates accusamus et inventore nesciunt. Vitae ut et minima.','2013-10-15 14:45:54'),
('16','16','16','Quidem et molestias non accusamus. Minima debitis assumenda porro sed. Minus eaque molestiae voluptatibus est est. Quaerat doloremque deserunt quae est vero impedit.','2006-06-24 23:53:27'),
('17','17','17','Dolor nam tenetur tempore ea iusto. Id sapiente eveniet ut at quo et eos eligendi. Quibusdam aut inventore sed cumque consequuntur rerum nihil. Et quis tempore est voluptate placeat atque enim.','2003-08-13 09:06:22'),
('18','18','18','Suscipit provident facilis mollitia vel. Ut temporibus et sed neque. Incidunt quo ut praesentium quia.','1992-10-06 07:23:31'),
('19','19','19','Qui est ut similique eligendi iste. Quisquam enim est placeat quibusdam error. Corporis illo dolore iure corporis. Velit itaque veniam quidem voluptas et aperiam beatae.','2004-01-13 12:21:28'),
('20','20','20','Et voluptatem illum culpa. Eius et rerum harum cum temporibus. Nihil esse soluta eveniet ut. Nisi occaecati eaque voluptas laudantium architecto. Dolore est similique itaque similique aut sint.','2015-06-15 18:10:22'),
('21','21','21','Sequi quam cum minus odio cum aut laborum incidunt. Debitis aut explicabo assumenda praesentium sit iste animi. Dolorum est expedita deserunt possimus architecto aut. Quis non sit debitis natus.','1998-12-21 19:13:42'),
('22','22','22','Voluptatem quibusdam deleniti architecto aliquam. Nobis ex quo commodi quasi. Amet quia omnis iste velit.','1995-07-07 05:28:20'),
('23','23','23','Rerum exercitationem impedit autem voluptas at libero. Neque dolorem labore voluptate velit perspiciatis earum. Laborum quibusdam consequatur sed. Voluptas voluptatem aut nesciunt provident aut corrupti. Dolores quisquam unde repellendus.','1979-12-08 14:32:06'),
('24','24','24','Maiores optio incidunt rerum cumque. Illum molestiae consequatur iste provident vero. Illo quasi inventore culpa modi et recusandae velit laudantium.','2016-05-04 05:40:40'),
('25','25','25','Ea qui soluta quae iure excepturi aut ut. Voluptatum minima sit eos eum. Quia aliquid ullam fugit id et.','2014-08-10 01:37:33'),
('26','26','26','Voluptatem ut unde sapiente et dolor beatae. Eveniet repellat beatae tempore blanditiis. Optio qui sint et perspiciatis perspiciatis inventore voluptatem.','1991-04-19 16:32:36'),
('27','27','27','Voluptas rerum quod temporibus quia perspiciatis. Voluptatum consequatur aliquam sed ut. Quia voluptatem aliquid nulla rerum placeat mollitia in. Vitae voluptate omnis quo maiores omnis. Consequatur esse eos harum sint et rerum et.','2003-03-05 01:58:33'),
('28','28','28','Natus laboriosam id qui optio non impedit. Cumque qui omnis rerum nam et sed. Aliquid optio rerum iusto error amet eligendi perferendis. Modi est quo non et aut quod.','2011-06-28 19:31:13'),
('29','29','29','Dolore et eum ut dolor temporibus. Sunt hic assumenda reiciendis ea quos magni quasi. Ut aperiam ad blanditiis. Facere quo eos dolores sunt ut.','1981-08-18 18:16:48'),
('30','30','30','Harum sunt temporibus ut eos at quia corporis. Nobis dolorem voluptatibus optio itaque id culpa adipisci. Voluptas ut ducimus quod.','1983-07-28 12:09:34'),
('31','31','31','Doloribus quod voluptatem labore ducimus nemo excepturi architecto. Cum quod harum quae eum.','2010-05-16 17:12:43'),
('32','32','32','Eaque nobis quasi tempore voluptatum consectetur doloribus et. Reiciendis molestias sint pariatur aut nobis ea earum id. Est eos quia impedit eum. Et in repudiandae neque molestiae voluptatem dolorem dolores.','1975-01-07 03:50:14'),
('33','33','33','Sit est accusantium sed fugiat doloremque. Sint explicabo dolor aliquam maiores numquam accusantium mollitia. Nihil eveniet accusamus et aliquid dignissimos dolore alias. Molestiae similique voluptatem rerum.','1983-06-09 19:34:14'),
('34','34','34','Est inventore qui ullam provident. Quia earum quam quae quibusdam officia similique aut. Aut impedit maxime enim voluptas et ipsa. Est aspernatur quam atque incidunt est.','1971-04-28 08:26:50'),
('35','35','35','Perferendis architecto sed unde eos. Sint quaerat omnis mollitia. Unde molestias quia sit quia eum ut est repudiandae.','2001-11-18 02:08:23'),
('36','36','36','Maiores repellendus harum odio nisi. Eligendi blanditiis iste quia. Beatae ipsa similique harum quasi reprehenderit.','2002-04-21 21:19:23'),
('37','37','37','Aut sint eius non animi sed itaque. Numquam quisquam voluptate similique fugit amet error qui voluptas. Ut voluptates magnam qui quidem.','1992-07-19 17:13:08'),
('38','38','38','Quam ratione fugiat voluptatem sunt voluptatem est. Unde nulla error aut dolor. Fugiat ipsa molestias molestias nulla minus et quod.','2012-06-10 16:14:16'),
('39','39','39','Nam voluptatem aliquid ab odit repellendus. Voluptates sit nisi voluptatem laborum. Omnis cum voluptas dolore.','2000-09-27 04:59:35'),
('40','40','40','Assumenda dolorum rem repudiandae. Similique voluptatem officiis beatae et dolorem fugiat eius. Vel tenetur consequuntur eaque nesciunt quaerat enim itaque.','1989-06-24 05:32:39'),
('41','41','41','Repellendus aut sed rerum aut et at nam. In dolores voluptas inventore ut unde. Ut ut repellendus pariatur ut natus perferendis ipsa. Suscipit voluptas voluptatem quae ex ipsam quia sunt minima.','2005-11-24 20:22:58'),
('42','42','42','Blanditiis ipsum dolorem alias ab similique quis. Sed quam reiciendis fugiat accusamus. Debitis est voluptatibus consequatur corporis voluptatem rerum. Ut quas eum consequatur iure fuga et.','1980-07-31 07:17:01'),
('43','43','43','Blanditiis est nostrum nemo sit consequatur. Accusantium expedita impedit et. Ullam reiciendis mollitia recusandae excepturi nihil.','1993-09-08 22:22:21'),
('44','44','44','Rerum aliquid perspiciatis quos modi doloremque. Eum nostrum dolore odit voluptatem ex. Perspiciatis quia labore non voluptas nihil dolore aperiam. Autem est vitae id ut labore labore. Labore qui hic nam.','1977-09-03 15:52:48'),
('45','45','45','Enim aut animi expedita quis. Itaque autem qui est non ut accusamus. Qui reprehenderit omnis nesciunt.','1979-10-07 10:37:17'),
('46','46','46','Qui quo molestiae sit et sit. Minus omnis recusandae voluptas aliquam dolore maiores ea. Quos voluptas rem animi aspernatur.','1994-09-13 23:09:00'),
('47','47','47','Accusantium incidunt qui iure quia. Quaerat autem officiis voluptatibus ut laudantium dolor. Earum rem ducimus qui nobis nemo quos.','2018-11-07 00:36:29'),
('48','48','48','Ex neque ut numquam corporis dolor fuga. Adipisci vel nesciunt veritatis eligendi vero ipsa eum. Incidunt eius enim tempora tenetur. Cumque itaque omnis dolor ipsum quod dolorem id.','1984-11-13 04:53:55'),
('49','49','49','Dolores illo quaerat ex aut ut. Et rem qui ea est accusamus asperiores a. Voluptatem sint illum itaque dolores illo incidunt explicabo. Placeat tenetur minima in dolores.','2015-12-18 18:43:27'),
('50','50','50','Laudantium beatae voluptatem provident consectetur at amet. Ex minus tempore sint aliquam itaque quas. Est esse vel tempore sequi in recusandae. Suscipit tempore accusamus autem excepturi ad rerum.','1988-06-05 16:05:54'),
('51','51','51','Rerum in sed rerum rerum mollitia enim hic. Unde rerum modi facilis ipsum molestias aliquam. Cum laudantium suscipit deserunt error nam beatae maxime. Aliquam maxime suscipit mollitia magni.','2016-08-12 05:56:17'),
('52','52','52','Impedit ducimus itaque perspiciatis et. Repudiandae sit mollitia accusamus error temporibus. Voluptas facere repellat eveniet quia error suscipit. Laudantium doloremque ab tenetur fuga optio ipsa odio enim.','1984-08-03 09:53:32'),
('53','53','53','Consectetur eaque alias deserunt voluptatum aut. Repellendus aut animi eius quae. Voluptatem veritatis nostrum repellat officia rerum et.','1994-09-23 03:18:40'),
('54','54','54','Veniam quo voluptatem dolores blanditiis dignissimos. Odit dignissimos necessitatibus ex et. Magni architecto alias cupiditate necessitatibus laboriosam ea perspiciatis.','1996-04-18 09:08:32'),
('55','55','55','Voluptatem nesciunt reprehenderit vitae culpa sunt neque libero. Doloremque quaerat provident atque hic. Amet eos atque quia aliquam.','2005-08-09 10:24:01'),
('56','56','56','Et magni quisquam quo dolor amet deserunt repellendus. Autem et similique blanditiis pariatur eaque qui.','2018-06-11 15:23:43'),
('57','57','57','Laboriosam non id harum perferendis nostrum qui. Maxime non nostrum ipsam maxime. Ipsa ratione et enim. Iusto est nam illo corrupti aut repellendus distinctio.','2006-09-24 04:02:30'),
('58','58','58','Qui et magnam saepe voluptates debitis. Porro consequuntur ab nam sit quam. Laboriosam consequatur odit perspiciatis molestiae vero velit. Et dolores cupiditate tenetur ut earum ut. Omnis et ea voluptatibus aliquid ut.','1987-05-03 00:13:18'),
('59','59','59','Voluptate minima dolore architecto dicta laboriosam non est quia. Deleniti et quis alias totam laboriosam aliquid alias. Molestias aliquam at eos eos. Nulla id harum necessitatibus odio rerum id nisi.','2001-09-16 10:58:54'),
('60','60','60','Autem deleniti et eveniet cum natus. Fuga suscipit et consequuntur corrupti nobis et veritatis et. Incidunt maxime repellendus excepturi officia ut. Perferendis quisquam quaerat sint voluptates ut accusantium quidem.','2009-02-08 02:39:20'),
('61','61','61','Veritatis minus et fugit ut et ad molestias. Porro quia eligendi est blanditiis. Possimus qui repellat ex dolores veniam ipsam omnis nihil.','1980-06-05 15:24:02'),
('62','62','62','Nisi blanditiis sint molestiae maxime tenetur qui deleniti. Sapiente praesentium necessitatibus debitis odit eum. Et voluptate est dolor et consequatur aliquid ut. Saepe molestiae voluptatem et vel ducimus aperiam sint.','2003-01-30 00:04:37'),
('63','63','63','Sunt doloremque reprehenderit aspernatur corrupti quas tenetur. Eveniet est dolore non consectetur fuga quo. Id enim et rerum nesciunt similique esse. Amet magnam sed omnis eos quia.','1974-03-02 17:07:50'),
('64','64','64','Illum asperiores ea voluptatibus sed. Laborum molestias dolorem ut nihil debitis temporibus impedit. Odio laudantium neque officiis molestias nam eligendi fuga qui.','1986-12-09 14:17:53'),
('65','65','65','Exercitationem impedit quo similique voluptatem debitis nobis. Mollitia perferendis autem porro eveniet sed sunt laborum. Provident minima aliquam incidunt animi in alias quae. Et magni non occaecati optio rerum.','2013-05-24 00:25:28'),
('66','66','66','Magni itaque modi veniam. Occaecati aliquid temporibus architecto sint quaerat.','2011-11-11 22:12:44'),
('67','67','67','Labore quibusdam quis qui labore quia voluptates dignissimos. Sunt a quis amet at illum. Sit non aspernatur fuga provident assumenda id.','1974-08-31 01:52:19'),
('68','68','68','Provident quo perspiciatis et ratione at voluptatibus. Id maiores aut ducimus et voluptate. Modi minima id impedit aut. Quod rerum dolore ut velit aliquid id.','2017-07-14 06:56:29'),
('69','69','69','Est ducimus recusandae iure aut vero. Molestias dolorem suscipit quas excepturi ut aliquid voluptas. Dolore nemo laboriosam ratione et.','1978-06-16 01:09:49'),
('70','70','70','Modi ullam sint voluptatem tenetur veritatis corporis. Aut quod et non dolorem et magnam. Et dolorem soluta cupiditate voluptas eius minus nihil iusto. Nihil excepturi placeat quidem et sunt ut.','1986-08-10 15:55:04'),
('71','71','71','Fuga quia vel molestiae accusantium quae suscipit. Cumque deleniti et quasi magnam iusto excepturi quod. Fuga praesentium qui quidem asperiores nihil eaque.','1995-07-23 05:28:14'),
('72','72','72','Et rem quasi voluptas esse fugiat quia. Reiciendis sed atque quo ratione dolorum omnis vel.','2011-07-23 23:03:01'),
('73','73','73','Ullam corporis ea dolorem odit dolores cupiditate. Minus dolorum et nam delectus quod. Harum vitae quaerat nihil at.','2011-12-06 00:13:53'),
('74','74','74','Ipsam at repellat dolor explicabo quia. Nemo et incidunt autem molestias est sit voluptatem perspiciatis. Ex rem necessitatibus ipsa libero accusamus quae ut non. Ex nostrum quia omnis minima.','1981-07-12 05:18:02'),
('75','75','75','Necessitatibus est non esse quia repellat tempore repellendus. Eos autem tempore quo voluptatum. Rem alias tenetur ex temporibus officiis debitis. Cum nostrum ut eum aspernatur ipsam. Accusamus porro tempora quaerat.','2019-06-26 10:54:08'),
('76','76','76','Cumque maxime sunt et saepe. Est velit voluptates temporibus porro aliquid quis dicta. Nam sit recusandae ratione debitis adipisci libero cumque. Quam eos est est nisi est modi nesciunt.','1978-01-20 10:04:57'),
('77','77','77','Sint repudiandae rerum ut deleniti consectetur amet et. Magni est voluptatem ut qui doloribus repellat. Sunt labore id optio dolores sint libero. Asperiores eum aliquid aut pariatur aut aliquam.','2016-03-08 22:30:48'),
('78','78','78','Sunt dolore sequi quas rerum reiciendis. Doloremque magnam dolor molestiae dolorem qui sunt ipsam facere. Alias placeat in earum incidunt eligendi sit. Alias vitae est vitae eum soluta officia est sint. Optio et alias rerum saepe aut.','1989-12-19 09:14:00'),
('79','79','79','Dignissimos inventore odio repudiandae aliquid harum eum et delectus. Deserunt consequuntur quis optio aliquam veritatis.','2002-08-27 01:27:38'),
('80','80','80','Alias reiciendis numquam suscipit aut. Blanditiis architecto id ut unde aliquam velit. Voluptatem laborum vel sint minima itaque. Veritatis reprehenderit rerum nisi fuga illo qui aperiam iure.','2000-02-12 12:11:36'),
('81','81','81','Aut fugit nemo fuga pariatur tempora temporibus dolorem in. Id et eius qui aut. Eum aut libero nihil tempora est doloribus est officiis.','1985-11-26 00:47:23'),
('82','82','82','Veniam quidem fuga ratione dolorem quasi velit similique. Molestiae aliquid incidunt voluptates vitae et. Unde voluptatem aut dolores libero. Facilis libero esse ab et quas. Officiis sit explicabo consequuntur temporibus.','1979-04-25 08:30:06'),
('83','83','83','Omnis id perspiciatis dolores deleniti ipsum. Et consequatur debitis nobis eveniet. Est itaque similique dolores beatae neque. Eum ut vel earum qui ea.','1982-06-07 04:46:21'),
('84','84','84','Iure ut sit itaque. Ducimus dolores eos impedit totam vero et. Et voluptatibus earum neque quisquam.','1977-07-10 10:44:44'),
('85','85','85','Aut dicta in velit aut deserunt. A molestias impedit et.','2003-10-17 10:06:37'),
('86','86','86','Voluptatem officiis est ipsam. Rerum dolores et aperiam odio excepturi et esse. Reprehenderit veniam ea voluptate libero.','1996-10-30 14:53:06'),
('87','87','87','Et sint eum accusamus. Et eveniet sed maiores et voluptate est. Deleniti dignissimos minima dolorem ut quia. Suscipit exercitationem ut fugit ratione sapiente qui aut.','1971-03-19 04:30:59'),
('88','88','88','Quos laudantium qui sunt labore. Tenetur saepe iure suscipit quam esse vel non. Eos quam explicabo aliquid. Consequatur qui debitis repellat doloribus autem illo.','1987-06-24 11:02:46'),
('89','89','89','Sint quia corrupti voluptatem numquam et sed praesentium. Et repudiandae et omnis dicta.','1981-07-16 18:56:56'),
('90','90','90','Quae rem dolorem exercitationem. Et id ullam nobis modi. Expedita eum repudiandae sint aperiam nulla sunt nihil. Et eum in aut id ut optio eum.','2020-02-18 21:09:28'),
('91','91','91','Ducimus sit quia beatae mollitia. Sint tenetur voluptas pariatur dolorem qui similique exercitationem. Sed ipsa aut et sit animi dicta odio.','1982-01-25 17:51:45'),
('92','92','92','Nulla aut et qui quibusdam aspernatur reiciendis et. Quisquam rerum est quod qui deleniti ut omnis. Autem eveniet ratione similique dicta odit quaerat non. Fugit eveniet corrupti molestias.','1995-07-21 15:49:37'),
('93','93','93','Nobis sapiente officiis praesentium quis. Voluptas nisi libero illo similique ea sint. Eos excepturi cum inventore voluptas consectetur rerum accusantium.','1996-07-22 06:42:43'),
('94','94','94','Aliquid saepe unde ipsum dolore id. Eum asperiores ullam aut fuga consequatur nobis hic. Nam amet aut in et neque id. Sit temporibus aut recusandae repellendus laboriosam.','2005-07-12 23:09:56'),
('95','95','95','Quidem ullam eaque neque omnis sequi. Quasi ut fuga ab. Dolore et et perferendis et facilis saepe.','1980-03-06 03:26:17'),
('96','96','96','Eum recusandae rerum corporis est qui. Eos distinctio consequatur deserunt aut quasi optio. Animi sed nulla consequatur aut amet in.','1970-04-25 06:36:15'),
('97','97','97','Consequatur voluptatem et magnam dignissimos. Nisi explicabo reiciendis voluptatem inventore. Magnam excepturi sit iste earum maxime impedit nulla. Quasi facere esse fuga laboriosam et modi. Veniam est quaerat unde est blanditiis ut.','2008-05-23 00:44:16'),
('98','98','98','Ducimus laudantium qui aliquam. Aut qui nesciunt id sequi perferendis. Illum unde magnam aut distinctio ut deserunt laboriosam.','2013-06-15 02:53:21'),
('99','99','99','Est atque et repellendus in nesciunt necessitatibus sed. Ea atque fugiat perspiciatis neque molestias quos qui. Modi id unde cum esse.','2016-02-20 03:09:09'),
('100','100','100','Quisquam veniam aperiam commodi at earum qui et ab. Facilis sit eos corrupti officiis. Vel neque nihil qui aperiam. Laboriosam harum ullam ducimus.','2006-01-27 01:41:39'); 


DROP TABLE IF EXISTS `photo_albums`;
CREATE TABLE `photo_albums` (
  `id` bigint(20) unsigned NOT NULL AUTO_INCREMENT,
  `name` varchar(200) COLLATE utf8_unicode_ci DEFAULT NULL,
  `user_id` bigint(20) unsigned NOT NULL,
  PRIMARY KEY (`id`),
  UNIQUE KEY `id` (`id`),
  KEY `user_id` (`user_id`),
  CONSTRAINT `photo_albums_ibfk_1` FOREIGN KEY (`user_id`) REFERENCES `users` (`id`)
) ENGINE=InnoDB AUTO_INCREMENT=101 DEFAULT CHARSET=utf8 COLLATE=utf8_unicode_ci;

INSERT INTO `photo_albums` VALUES ('1','cumque','1'),
('2','nihil','2'),
('3','repellendus','3'),
('4','ipsam','4'),
('5','quod','5'),
('6','accusamus','6'),
('7','et','7'),
('8','commodi','8'),
('9','quas','9'),
('10','iure','10'),
('11','doloribus','11'),
('12','ab','12'),
('13','odit','13'),
('14','eligendi','14'),
('15','aliquam','15'),
('16','corrupti','16'),
('17','beatae','17'),
('18','beatae','18'),
('19','aut','19'),
('20','harum','20'),
('21','sit','21'),
('22','dolores','22'),
('23','in','23'),
('24','hic','24'),
('25','qui','25'),
('26','nam','26'),
('27','doloribus','27'),
('28','facere','28'),
('29','qui','29'),
('30','molestiae','30'),
('31','odio','31'),
('32','laborum','32'),
('33','eius','33'),
('34','qui','34'),
('35','occaecati','35'),
('36','vitae','36'),
('37','est','37'),
('38','aut','38'),
('39','est','39'),
('40','dicta','40'),
('41','voluptas','41'),
('42','ullam','42'),
('43','non','43'),
('44','accusantium','44'),
('45','accusantium','45'),
('46','aut','46'),
('47','cum','47'),
('48','facere','48'),
('49','et','49'),
('50','molestias','50'),
('51','provident','51'),
('52','doloremque','52'),
('53','voluptatem','53'),
('54','doloremque','54'),
('55','tempore','55'),
('56','et','56'),
('57','dolor','57'),
('58','maiores','58'),
('59','sit','59'),
('60','corrupti','60'),
('61','eligendi','61'),
('62','cumque','62'),
('63','occaecati','63'),
('64','recusandae','64'),
('65','assumenda','65'),
('66','qui','66'),
('67','mollitia','67'),
('68','necessitatibus','68'),
('69','illo','69'),
('70','dolores','70'),
('71','sunt','71'),
('72','sed','72'),
('73','aut','73'),
('74','repellendus','74'),
('75','deleniti','75'),
('76','et','76'),
('77','accusantium','77'),
('78','consequatur','78'),
('79','rerum','79'),
('80','voluptatibus','80'),
('81','quo','81'),
('82','et','82'),
('83','aperiam','83'),
('84','est','84'),
('85','dolore','85'),
('86','ut','86'),
('87','quaerat','87'),
('88','nulla','88'),
('89','et','89'),
('90','ipsam','90'),
('91','aspernatur','91'),
('92','praesentium','92'),
('93','dolor','93'),
('94','et','94'),
('95','officia','95'),
('96','deserunt','96'),
('97','incidunt','97'),
('98','autem','98'),
('99','repellendus','99'),
('100','numquam','100'); 


DROP TABLE IF EXISTS `photos`;
CREATE TABLE `photos` (
  `id` bigint(20) unsigned NOT NULL AUTO_INCREMENT,
  `album_id` bigint(20) unsigned DEFAULT NULL,
  `media_id` bigint(20) unsigned NOT NULL,
  PRIMARY KEY (`id`),
  KEY `album_id` (`album_id`),
  KEY `media_id` (`media_id`),
  CONSTRAINT `photos_ibfk_1` FOREIGN KEY (`album_id`) REFERENCES `photo_albums` (`id`),
  CONSTRAINT `photos_ibfk_2` FOREIGN KEY (`media_id`) REFERENCES `media` (`id`)
) ENGINE=InnoDB AUTO_INCREMENT=101 DEFAULT CHARSET=utf8 COLLATE=utf8_unicode_ci;

INSERT INTO `photos` VALUES ('1','1','1'),
('2','2','2'),
('3','3','3'),
('4','4','4'),
('5','5','5'),
('6','6','6'),
('7','7','7'),
('8','8','8'),
('9','9','9'),
('10','10','10'),
('11','11','11'),
('12','12','12'),
('13','13','13'),
('14','14','14'),
('15','15','15'),
('16','16','16'),
('17','17','17'),
('18','18','18'),
('19','19','19'),
('20','20','20'),
('21','21','21'),
('22','22','22'),
('23','23','23'),
('24','24','24'),
('25','25','25'),
('26','26','26'),
('27','27','27'),
('28','28','28'),
('29','29','29'),
('30','30','30'),
('31','31','31'),
('32','32','32'),
('33','33','33'),
('34','34','34'),
('35','35','35'),
('36','36','36'),
('37','37','37'),
('38','38','38'),
('39','39','39'),
('40','40','40'),
('41','41','41'),
('42','42','42'),
('43','43','43'),
('44','44','44'),
('45','45','45'),
('46','46','46'),
('47','47','47'),
('48','48','48'),
('49','49','49'),
('50','50','50'),
('51','51','51'),
('52','52','52'),
('53','53','53'),
('54','54','54'),
('55','55','55'),
('56','56','56'),
('57','57','57'),
('58','58','58'),
('59','59','59'),
('60','60','60'),
('61','61','61'),
('62','62','62'),
('63','63','63'),
('64','64','64'),
('65','65','65'),
('66','66','66'),
('67','67','67'),
('68','68','68'),
('69','69','69'),
('70','70','70'),
('71','71','71'),
('72','72','72'),
('73','73','73'),
('74','74','74'),
('75','75','75'),
('76','76','76'),
('77','77','77'),
('78','78','78'),
('79','79','79'),
('80','80','80'),
('81','81','81'),
('82','82','82'),
('83','83','83'),
('84','84','84'),
('85','85','85'),
('86','86','86'),
('87','87','87'),
('88','88','88'),
('89','89','89'),
('90','90','90'),
('91','91','91'),
('92','92','92'),
('93','93','93'),
('94','94','94'),
('95','95','95'),
('96','96','96'),
('97','97','97'),
('98','98','98'),
('99','99','99'),
('100','100','100'); 


DROP TABLE IF EXISTS `profiles`;
CREATE TABLE `profiles` (
  `user_id` bigint(20) unsigned NOT NULL AUTO_INCREMENT,
  `gender` char(1) COLLATE utf8_unicode_ci DEFAULT NULL,
  `birthday` date DEFAULT NULL,
  `photo_id` bigint(20) unsigned DEFAULT NULL,
  `created_at` datetime DEFAULT current_timestamp(),
  `hometown` varchar(100) COLLATE utf8_unicode_ci DEFAULT NULL,
  PRIMARY KEY (`user_id`),
  CONSTRAINT `fk_user_id` FOREIGN KEY (`user_id`) REFERENCES `users` (`id`) ON DELETE NO ACTION ON UPDATE CASCADE
) ENGINE=InnoDB AUTO_INCREMENT=101 DEFAULT CHARSET=utf8 COLLATE=utf8_unicode_ci;

INSERT INTO `profiles` VALUES ('1','E','1983-03-27','1','1982-10-12 03:09:35',NULL),
('2','K','1973-01-04','2','2008-02-14 23:34:53',NULL),
('3','B','1992-09-25','3','2004-03-20 11:52:41',NULL),
('4','G','1970-05-09','4','1995-04-17 14:19:37',NULL),
('5','O','1974-10-22','5','1990-10-01 16:09:15',NULL),
('6','S','1993-04-28','6','2004-05-26 16:14:34',NULL),
('7','M','2018-04-05','7','1987-09-03 15:21:59',NULL),
('8','R','1992-07-30','8','1973-12-13 09:41:56',NULL),
('9','G','1987-09-03','9','1985-10-01 14:04:49',NULL),
('10','H','2003-02-23','10','1989-03-27 21:08:22',NULL),
('11','R','1990-07-08','11','1973-09-03 18:08:36',NULL),
('12','R','1980-09-04','12','1997-03-11 03:26:38',NULL),
('13','B','2017-01-16','13','1995-07-12 18:58:09',NULL),
('14','F','1984-03-29','14','2002-06-28 06:23:47',NULL),
('15','E','1972-10-11','15','2007-09-01 21:32:29',NULL),
('16','W','1993-04-05','16','1971-11-20 12:25:09',NULL),
('17','S','2002-03-23','17','2008-07-29 15:08:49',NULL),
('18','G','1982-08-22','18','1978-05-03 16:00:28',NULL),
('19','E','2003-03-06','19','1979-05-26 07:35:40',NULL),
('20','W','1982-08-20','20','2011-07-21 19:50:14',NULL),
('21','K','1993-12-16','21','1993-05-09 19:31:26',NULL),
('22','S','2005-05-12','22','2009-01-04 16:13:00',NULL),
('23','C','2005-05-10','23','1980-11-03 01:24:48',NULL),
('24','A','2013-04-10','24','1999-05-09 11:39:45',NULL),
('25','J','2013-12-18','25','1970-11-23 17:49:17',NULL),
('26','M','1986-06-19','26','1994-02-10 07:58:33',NULL),
('27','L','2000-01-06','27','1998-11-10 12:49:36',NULL),
('28','F','1979-12-29','28','2004-04-17 18:25:35',NULL),
('29','B','1990-07-07','29','1985-06-29 04:31:34',NULL),
('30','E','1986-11-25','30','2018-12-23 04:52:43',NULL),
('31','K','1984-04-03','31','2003-10-05 14:07:38',NULL),
('32','C','1996-10-27','32','1985-08-10 20:58:34',NULL),
('33','B','1973-10-14','33','1996-08-18 09:33:12',NULL),
('34','N','1970-12-19','34','2009-09-29 01:23:10',NULL),
('35','M','1978-03-03','35','2004-11-09 09:05:26',NULL),
('36','G','2008-03-16','36','1998-06-26 09:01:24',NULL),
('37','L','1983-04-29','37','1987-03-22 00:23:17',NULL),
('38','J','2001-02-23','38','2009-04-09 05:54:51',NULL),
('39','N','1983-09-26','39','1976-05-30 09:44:23',NULL),
('40','C','2009-06-05','40','2001-11-18 09:31:47',NULL),
('41','W','2006-09-18','41','1973-03-28 06:19:16',NULL),
('42','G','1970-12-04','42','1992-02-24 01:25:34',NULL),
('43','D','1984-12-08','43','2004-04-03 17:13:08',NULL),
('44','C','1970-04-16','44','2012-09-14 06:45:59',NULL),
('45','F','2013-06-14','45','1999-09-01 00:51:07',NULL),
('46','K','2002-08-22','46','2000-01-09 09:32:54',NULL),
('47','E','2007-10-04','47','1983-03-10 22:36:32',NULL),
('48','M','1983-09-13','48','1997-11-02 11:53:56',NULL),
('49','J','2005-12-14','49','2007-02-23 18:17:57',NULL),
('50','C','2013-02-18','50','1979-06-19 05:37:33',NULL),
('51','M','1974-01-06','51','1982-10-30 06:35:40',NULL),
('52','N','1974-03-01','52','1985-04-06 00:28:10',NULL),
('53','H','1983-01-26','53','1994-12-05 15:33:04',NULL),
('54','L','1995-02-01','54','1988-04-24 19:58:41',NULL),
('55','J','1979-11-29','55','1979-07-11 16:37:39',NULL),
('56','F','2015-12-13','56','1992-06-14 00:13:48',NULL),
('57','R','1984-02-14','57','1979-08-09 10:49:52',NULL),
('58','Y','1973-12-31','58','2003-11-30 19:11:36',NULL),
('59','L','2012-11-01','59','2014-01-31 04:26:49',NULL),
('60','B','2013-08-30','60','2013-05-31 11:28:33',NULL),
('61','O','1987-12-11','61','1971-01-03 09:45:01',NULL),
('62','L','1978-10-27','62','2006-05-27 13:57:39',NULL),
('63','C','1994-09-09','63','1978-10-03 12:41:34',NULL),
('64','S','1987-06-20','64','1994-12-13 16:24:24',NULL),
('65','E','2006-03-27','65','1989-08-18 07:26:40',NULL),
('66','J','1984-04-21','66','2011-04-04 12:31:57',NULL),
('67','A','2011-05-23','67','2006-08-26 15:40:46',NULL),
('68','T','1998-04-06','68','1993-07-09 05:54:38',NULL),
('69','T','1998-12-19','69','1999-09-28 02:34:25',NULL),
('70','L','2007-08-25','70','1993-09-28 06:18:08',NULL),
('71','S','1986-08-28','71','2004-01-29 10:54:48',NULL),
('72','R','2016-07-13','72','2004-10-18 20:05:36',NULL),
('73','L','1972-01-16','73','2009-09-08 15:32:26',NULL),
('74','K','2019-05-24','74','2013-04-26 23:23:45',NULL),
('75','R','2005-05-16','75','1984-01-26 21:10:42',NULL),
('76','A','1982-05-24','76','1984-06-18 02:37:22',NULL),
('77','M','1994-10-08','77','1990-11-28 17:36:48',NULL),
('78','E','2008-01-25','78','1981-01-26 22:46:55',NULL),
('79','G','1983-12-11','79','1981-10-21 11:00:35',NULL),
('80','G','1982-10-18','80','2003-01-11 04:50:30',NULL),
('81','O','1976-10-22','81','1988-09-28 09:23:17',NULL),
('82','J','1979-01-13','82','1989-06-27 00:59:53',NULL),
('83','L','1984-05-16','83','1988-06-10 13:14:03',NULL),
('84','G','1999-09-01','84','1972-01-11 05:30:41',NULL),
('85','P','1974-02-28','85','1976-05-03 23:24:32',NULL),
('86','J','2018-09-20','86','1976-02-02 03:02:41',NULL),
('87','A','1988-08-09','87','1994-07-31 18:55:44',NULL),
('88','S','2013-04-19','88','2016-12-26 22:18:52',NULL),
('89','M','2002-03-10','89','1999-12-16 21:17:03',NULL),
('90','A','1997-04-17','90','2012-02-13 02:52:03',NULL),
('91','W','1981-06-24','91','1982-08-21 12:20:05',NULL),
('92','T','2009-11-12','92','2016-10-02 14:13:26',NULL),
('93','C','1995-05-14','93','1995-06-06 17:23:08',NULL),
('94','L','1995-08-06','94','2012-03-04 18:36:48',NULL),
('95','A','2007-03-30','95','2002-11-28 12:55:58',NULL),
('96','C','1989-09-05','96','1981-02-09 10:41:37',NULL),
('97','L','1978-12-19','97','1989-04-13 09:07:24',NULL),
('98','T','1979-08-13','98','2019-10-17 21:44:33',NULL),
('99','P','1983-07-13','99','2001-04-14 03:51:22',NULL),
('100','C','2009-07-31','100','1996-09-19 10:06:13',NULL); 


DROP TABLE IF EXISTS `user_communites`;
CREATE TABLE `user_communites` (
  `user_id` bigint(20) unsigned NOT NULL,
  `community_id` bigint(20) unsigned NOT NULL,
  PRIMARY KEY (`user_id`,`community_id`),
  KEY `community_id` (`community_id`),
  CONSTRAINT `user_communites_ibfk_1` FOREIGN KEY (`user_id`) REFERENCES `users` (`id`),
  CONSTRAINT `user_communites_ibfk_2` FOREIGN KEY (`community_id`) REFERENCES `communities` (`id`)
) ENGINE=InnoDB DEFAULT CHARSET=utf8 COLLATE=utf8_unicode_ci;

INSERT INTO `user_communites` VALUES ('1','1'),
('2','2'),
('3','3'),
('4','4'),
('5','5'),
('6','6'),
('7','7'),
('8','8'),
('9','9'),
('10','10'),
('11','11'),
('12','12'),
('13','13'),
('14','14'),
('15','15'),
('16','16'),
('17','17'),
('18','18'),
('19','19'),
('20','20'),
('21','21'),
('22','22'),
('23','23'),
('24','24'),
('25','25'),
('26','26'),
('27','27'),
('28','28'),
('29','29'),
('30','30'),
('31','31'),
('32','32'),
('33','33'),
('34','34'),
('35','35'),
('36','36'),
('37','37'),
('38','38'),
('39','39'),
('40','40'),
('41','41'),
('42','42'),
('43','43'),
('44','44'),
('45','45'),
('46','46'),
('47','47'),
('48','48'),
('49','49'),
('50','50'),
('51','51'),
('52','52'),
('53','53'),
('54','54'),
('55','55'),
('56','56'),
('57','57'),
('58','58'),
('59','59'),
('60','60'),
('61','61'),
('62','62'),
('63','63'),
('64','64'),
('65','65'),
('66','66'),
('67','67'),
('68','68'),
('69','69'),
('70','70'),
('71','71'),
('72','72'),
('73','73'),
('74','74'),
('75','75'),
('76','76'),
('77','77'),
('78','78'),
('79','79'),
('80','80'),
('81','81'),
('82','82'),
('83','83'),
('84','84'),
('85','85'),
('86','86'),
('87','87'),
('88','88'),
('89','89'),
('90','90'),
('91','91'),
('92','92'),
('93','93'),
('94','94'),
('95','95'),
('96','96'),
('97','97'),
('98','98'),
('99','99'),
('100','100'); 


DROP TABLE IF EXISTS `users`;
CREATE TABLE `users` (
  `id` bigint(20) unsigned NOT NULL AUTO_INCREMENT,
  `firstname` varchar(100) COLLATE utf8_unicode_ci DEFAULT NULL,
  `lastname` varchar(100) COLLATE utf8_unicode_ci DEFAULT NULL,
  `email` varchar(100) COLLATE utf8_unicode_ci DEFAULT NULL,
  `password_hash` varchar(100) COLLATE utf8_unicode_ci DEFAULT NULL,
  `phone` varchar(12) COLLATE utf8_unicode_ci DEFAULT NULL,
  PRIMARY KEY (`id`),
  UNIQUE KEY `email` (`email`),
  KEY `users_phone_idx` (`phone`),
  KEY `users_firstname_lastname_idx` (`firstname`,`lastname`)
) ENGINE=InnoDB AUTO_INCREMENT=101 DEFAULT CHARSET=utf8 COLLATE=utf8_unicode_ci;

INSERT INTO `users` VALUES ('1','Hadley','Klein','yhilll@example.com','32b3ebf0f74502a368328b6be18598161d96f91b','(325)975-358'),
('2','Lessie','Cormier','leopold.rogahn@example.com','e3a77c256cafa146fda375722a54f875ce328a21','176.366.8935'),
('3','Kara','Hegmann','uhirthe@example.net','5eebab1aee3f3cc9ea846b3f256c685f29c5fb9e','(295)870-092'),
('4','Jalen','Bosco','jmarks@example.net','1d09fa0c0416d1a046af222274d5ba8973f5142a','+66(6)103526'),
('5','Jo','Connelly','moen.jamal@example.com','f85370521e57a26d2a9f9ff686eafb835ddb45c5','905.794.4040'),
('6','Irwin','Goldner','jovany.douglas@example.net','ae707a8a65ac9094abd3e30effdef97041192e9a','595-471-9089'),
('7','Laron','Kihn','dbrekke@example.org','1d8adfa1ca0c2d68f80034cf44179ee35997b1a1','+62(1)362779'),
('8','Kaelyn','Metz','windler.francesco@example.com','bef603bfc7b58d271e54916e6b655cd1739b8932','051.320.5965'),
('9','Isabella','Dickinson','marina63@example.org','32a8804c90e61cff62ca6869f0391f113b0fc098','(301)586-919'),
('10','Pearline','Stanton','zquigley@example.net','843d78539f47d20fd5347db599002a314f238b7b','059-689-0390'),
('11','Magnolia','Becker','dayne.quitzon@example.org','921637cb16844bfd18bb609df50d7518a6936be2','(834)452-119'),
('12','Gilbert','Wehner','gsauer@example.com','3f81242981627d36885db36b5c2fc5fb22463a65','1-070-745-54'),
('13','Arlie','Crist','francesca.rippin@example.net','f71c0b609457f50e1ba188b63a85216c00a4342f','1-025-870-53'),
('14','Leopoldo','Rowe','yost.ryann@example.net','4749f7b74a01fd1b86d79262cc31225fdc0be62b','1-617-316-54'),
('15','Thalia','Hahn','bschmitt@example.net','65e124ec723525b6e62fef187c51f96e3d1018e0','07254199413'),
('16','Idell','Goldner','iyost@example.net','1a9fb75251efb71efd2c68226909678c9c964ae5','1-315-622-35'),
('17','Mackenzie','Welch','liliane.stamm@example.com','96cf4741c5e0b5eb46f286d2850c30dfe1acf3f3','04437768791'),
('18','Lawrence','Kshlerin','edison.willms@example.com','16e889b2e2cba27d9f503b47d174afb4a70a5829','1-953-553-14'),
('19','Sister','Spinka','jerod35@example.net','32f7fbb3f58f4227eb1e127d86084832c7eeb6a2','+28(3)019324'),
('20','Effie','Schaefer','kayleigh39@example.org','4aae1f65fc6b7c6ddeb00ca52e8e51decaafab24','104-438-3583'),
('21','Liliana','Roob','zmurazik@example.org','ae13e2c6416624bd8928b8bae510887fc828e0c6','559.467.9058'),
('22','Ocie','Bednar','shannon.anderson@example.com','2e0dee9d2d13dc0e196a696390bea815a514b839','(515)623-665'),
('23','Ansel','Lebsack','mraz.earnest@example.net','0a7522e46b239c609a0581c6b3a72b1a9a5d8aeb','1-995-331-31'),
('24','Zella','Vandervort','ilabadie@example.net','e9eeed13075d7d1283814d6635a5c84ad17da2d4','(613)368-915'),
('25','Dawson','Bradtke','tillman.schaefer@example.org','a72f9f8ff4e1a2728b9126d85ba5c57c91ee5718','(974)585-989'),
('26','Julia','Howe','serena.boyer@example.net','a549b0b175c479cfd9a6caa190f62bd204b1c5aa','1-787-536-97'),
('27','Howard','Beer','torrey53@example.org','ade83c50b46658346f1cbc964be2190b8d2a617f','(554)255-443'),
('28','Leora','Dooley','gutmann.rodger@example.net','b2d59cf46fb74b80af1ed6b5e2fb2f52aac74604','607.601.7726'),
('29','Roslyn','Lang','roxanne26@example.net','8f5ad7cf62a7b4953f75d084ec7bafecf2a99833','060-393-9903'),
('30','Eleonore','Parker','fwilkinson@example.com','f1515626c7d22b7275acfd005841be914f688e7b','511-238-6001'),
('31','Walton','Nitzsche','fparisian@example.net','e3767290eba678664a13c9c52e74d2a96a33e98f','373.330.4487'),
('32','Erica','Greenfelder','twintheiser@example.net','8c8a1efa682457a14cef83fbc38d5f5e998f8584','209-010-8899'),
('33','Darion','Johns','elza56@example.org','02013a34eb2656776937c32478afae5b4258fcf8','770-422-2173'),
('34','Pink','Leffler','ettie.heaney@example.net','d10a904d9dbb263ad706ceb139b7d118fd8338a1','1-888-196-36'),
('35','Charity','Price','hillard.simonis@example.com','5b7cce9c1d02cb51cf426ca07a26918dfd8075ce','866.758.2970'),
('36','Arch','Windler','tromp.gussie@example.com','9061aee4415a58f1646c28ed6177054db8986bc2','1-209-442-61'),
('37','Newell','Jaskolski','hbailey@example.com','0a11a044c04d9e861322cb100bce8a65b26b6fa4','(808)288-031'),
('38','Jannie','Funk','davion.rolfson@example.net','f61ddfd526cd8c71eb1d568f3421888155b6a3fa','1-139-931-82'),
('39','Emmitt','Johnson','vmurray@example.org','55e9e482f63c8d022378dc9800f120ee1ad8ab10','179.587.2275'),
('40','Casimir','Kemmer','jones.hermann@example.org','8da6e8c1e02f8b6486bcdfa59ebad99cbee771df','(128)870-074'),
('41','Alyson','Barrows','jailyn00@example.net','5c307d7bd7d421d03fa0b838b0a6ac952824ef4b','1-599-229-64'),
('42','Aliyah','Hyatt','usanford@example.net','806ac57a4fbaa05e112c5d015c5d2f15734f7011','1-731-089-87'),
('43','Emil','Kemmer','oswald28@example.net','559b9a6ecc828bfb3aac029e13cf93cb02d82a55','+78(1)907644'),
('44','Wiley','Kreiger','adan44@example.com','b85f18d387b9878c627518cac5a79cef690a8965','08642201523'),
('45','Alfreda','Schmidt','janelle.rutherford@example.com','9ad706ae2a66430535503f6998a0a69aac39b5fc','(714)501-844'),
('46','Kenton','Thompson','ortiz.royal@example.org','84a3aaf0abb31a46f38632dbfa0ad0b7ec00feea','020.083.1027'),
('47','Cassidy','Erdman','thea33@example.org','faab5be2c02821205ac37c6c1266353d76926902','1-571-039-14'),
('48','Dolly','Mueller','felicity66@example.org','ec20408256e3d080596155face86ec000769fb32','754-302-6929'),
('49','Elvis','Hoppe','lhuels@example.net','ca503d521162b32c8aeaeb602f76094772d086b9','050.189.8767'),
('50','Dahlia','Leannon','yost.freda@example.net','28bc10c25f1e9679d87c4c99b6ee374b27025340','(563)444-948'),
('51','Brennan','Baumbach','wunsch.mariela@example.net','1c894dc4d350dbd7671de0d80f9e0ce711c92782','1-663-112-16'),
('52','Charlie','Kreiger','crohan@example.com','b2ac1f51ec684ca09a0f27c791b2137e3780879f','935.908.5682'),
('53','Edmond','Kuvalis','hudson.barton@example.org','8b7790e73cd03d86cadd51b7bb789457f72d9eee','050-255-4564'),
('54','Bryana','Langosh','reese.corkery@example.com','033e01ede4464e0ae332902373fb237155368146','550.850.8787'),
('55','Abigale','Crist','fisher.laura@example.net','7ea04ce7040c3c425f7d5bf29934da1a1b20078c','981-472-3855'),
('56','Vena','Volkman','jett81@example.org','f506dc091e45b602ef80903145f314eb135c562e','804.586.8464'),
('57','Mozell','Reichert','nicolas38@example.org','871f57ffc4f2e8e6afe639e36eff728033c4709a','587-851-5428'),
('58','Henderson','Moore','xd\'amore@example.net','85cc6c670eb1f7aa8426e2e8e8c4b7dd1add1dc1','(181)109-573'),
('59','Rudy','Funk','vandervort.julia@example.org','0d615d3b75ee7412b1afa0e62eff80b27ff4e1bf','(729)041-513'),
('60','Jefferey','Kertzmann','everette.parker@example.org','c4c1931cfd2c41e87678745c1a1929f9cd6fc822','08795687044'),
('61','Kaya','Schoen','valentin89@example.net','5538206e4019bf913613ea05819d0b1180da0dbb','233-019-2548'),
('62','Donny','Conn','jo\'hara@example.net','fd0b001000fac747369fcd75cfeb84767e47156d','534.985.2034'),
('63','Claire','Ankunding','flossie.senger@example.net','c2c22178843d36c74a188588b89f1a9f8fde7779','03600515318'),
('64','Marcelina','Goodwin','leopoldo57@example.net','115da429d4de52680979cb27c6465e3bd930490b','079-760-3727'),
('65','Rosendo','Quitzon','keeley91@example.net','98902aa3ba423ecba7c72e113b92a1004ac78bfc','971-643-0740'),
('66','Shawn','O\'Kon','kamryn57@example.org','0d5c0a17756ba25d8e56139214b8851424b8e9d1','(719)019-231'),
('67','Modesto','Will','nienow.edwardo@example.net','c59bd150aff7672443a9455967d091cefa6389a9','313.771.6848'),
('68','Muhammad','Cremin','collier.melyna@example.org','0639634fafc4fc9e1d2e6368de1cbe76e5dd902e','1-747-804-52'),
('69','Rogelio','Hagenes','ftremblay@example.org','938e22602d7f58c8ff49317f90ba6124596c55c9','+99(1)970318'),
('70','Sydney','Reynolds','hirthe.maritza@example.com','94b8f7b5eaa08e35ab005c956280a9f16c86edc5','1-309-982-52'),
('71','Reagan','McLaughlin','vnitzsche@example.com','f46969df8c6c52247c850d6b35148b76faf352e4','(340)206-858'),
('72','King','Rice','amya.lueilwitz@example.com','215b1dbfb549bf6db93f2ac64a958adf0445e691','1-836-781-87'),
('73','Tyson','McKenzie','price.carmelo@example.com','fb60360b27ae3dfe9ceee24cb63c871dddac2a00','+82(9)036693'),
('74','Johnnie','Denesik','mlesch@example.com','296dcab7556dbe265909195f0b2abe59f4ae1942','522.189.4529'),
('75','Sophie','Nader','alden60@example.org','ad6fa9a4697e719cfc8c168e75dd13f35b889de5','+45(3)364015'),
('76','Brad','Nicolas','flo78@example.org','bee3fd9d125e3a9411cff21f5324959127fb0bf5','974.610.7524'),
('77','Annette','Mann','borer.gretchen@example.net','ffa18270f0a8cbc3a69632e0cc17a87694563b84','1-768-968-51'),
('78','Frank','Johns','haley.roberts@example.net','ef94a2599807860ddb96eab396bc78dc80dcc2f9','1-119-953-51'),
('79','Ricardo','Carter','awalter@example.com','f5507680676404d518899cedf614b77a73d47d9b','1-189-400-11'),
('80','Mireille','Kub','caden20@example.org','a9a996d6e8b6278e6b0ad58ebd84933250d30bef','+41(7)114240'),
('81','Marco','Jacobson','orn.albertha@example.org','48d35afbca0f1ba48d06fe2e66791f4307ed1580','1-563-701-82'),
('82','Ethelyn','Bergstrom','celestino88@example.com','e86f6872e8cfb544324c876a892d95d99fb7ebaf','315-671-6525'),
('83','Scottie','Franecki','ahowell@example.net','7d41b0102fd330d26065ffce58b842fcf0742172','186-052-7583'),
('84','Bert','Nolan','white.esperanza@example.org','67c50cc92027f9bab599077ad770b1f7273d302f','122.592.9067'),
('85','Floy','Wisoky','xo\'kon@example.net','907ccb8af2ed87c7829eb726d5bffc21975b8b13','1-182-295-91'),
('86','Greyson','Jacobson','xfranecki@example.org','c429571ebbfb8900c2b36a628cfcfcd2cdcf9e9c','131.978.2631'),
('87','Dane','Gleichner','kelton84@example.org','b2ea8a105051d40dbe086762fea6c9411e55cb6c','934.638.8328'),
('88','Brant','Kiehn','violet.mckenzie@example.com','5478b90a14ddd22dfdcee1d947b19ec90f877676','+72(7)473413'),
('89','Susana','Bartoletti','drew93@example.net','ed4b79a6a1773cece73be63d26fc0c5011216601','1-334-598-83'),
('90','Della','Schmitt','cassidy25@example.org','c1de46321f99b1f9fcff345d43f47fc8d74f57d8','1-368-874-19'),
('91','Emory','Gusikowski','towne.demetrius@example.com','80d5564171fe52674849422be565c5bf21a943ad','675-289-4333'),
('92','Mozelle','Koss','xruecker@example.com','f1ab62cf186ee146a86d88fc338db294ffb04064','(713)541-361'),
('93','Lessie','Vandervort','jovan.runte@example.net','74831befb7b8dc9e22579d3941a2dba384afbd50','(494)706-919'),
('94','Leif','Terry','carey57@example.com','91a7e76f6eb18c9712ca867bab9eea58459f406b','040.530.4681'),
('95','Mariane','Rau','kwelch@example.com','1e8a756d262f9f155d8f80a64a004cbe136e257e','283.889.5009'),
('96','Rubie','Schultz','carroll.kayden@example.org','42af95404b7a611c308e52f7d96bd1054dda58e3','1-014-975-82'),
('97','Gaylord','Hansen','riley.skiles@example.com','b150d9add29ad8b41782713c80bebf4c0afd75ff','1-750-397-32'),
('98','Brennon','Von','kgleichner@example.org','f7e2e6dfd8d8add4497343dca5f04aa9032999c4','(750)152-206'),
('99','Frieda','Yost','jdubuque@example.org','b45ad29bcd7aefe01e7890c992b16f412cc3acfd','822-922-6675'),
('100','Dena','Bartell','jacobson.vincent@example.org','9d2174b2982258ec998544304897958383815dc2','1-551-904-39'); 




/*!40101 SET SQL_MODE=@OLD_SQL_MODE */;
/*!40014 SET FOREIGN_KEY_CHECKS=@OLD_FOREIGN_KEY_CHECKS */;
/*!40014 SET UNIQUE_CHECKS=@OLD_UNIQUE_CHECKS */;
/*!40101 SET CHARACTER_SET_CLIENT=@OLD_CHARACTER_SET_CLIENT */;
/*!40101 SET CHARACTER_SET_RESULTS=@OLD_CHARACTER_SET_RESULTS */;
/*!40101 SET COLLATION_CONNECTION=@OLD_COLLATION_CONNECTION */;
/*!40111 SET SQL_NOTES=@OLD_SQL_NOTES */;

